Longitude,Latitude,District,Year,Vehicle Type,Date,Hour,Road Type,Road Conditions,Red Light,Alcohol,Aggressive/Distracted Driving,Pedestrian,Cyclist,Automobile,Motorcycle,Truck
-79.45827,43.650427,Toronto and East York,2018,Motorcycle,2018-09-15T04:00:00.000Z,2,Major Arterial,Dry, , , , , ,Yes,Yes, 
-79.334277,43.666098,Toronto and East York,2018,Bicycle,2018-05-16T04:00:00.000Z,8,Minor Arterial,Dry, , ,Yes, ,Yes, , ,Yes
-79.52972,43.68162,Etobicoke York,2018,"Automobile, Station Wagon",2018-01-07T05:00:00.000Z,18,Major Arterial,Other, ,Yes,Yes, , ,Yes, , 
-79.27509599999999,43.730475,Scarborough,2018, ,2018-01-09T05:00:00.000Z,18,Major Arterial,Wet, , , ,Yes, ,Yes, , 
-79.508113,43.719008,North York,2018, ,2018-04-13T04:00:00.000Z,15,Major Arterial, , , ,Yes,Yes, ,Yes, , 
-79.202304,43.783128999999995,Scarborough,2018, ,2018-11-12T05:00:00.000Z,18,Major Arterial,Dry, , , ,Yes, ,Yes, , 
-79.350383,43.718589,North York,2018,Passenger Van,2018-08-16T04:00:00.000Z,15,Major Arterial,Dry, , , , , ,Yes, ,Yes
-79.458881,43.637709,Toronto and East York,2018,Bicycle,2018-05-15T04:00:00.000Z,15,Major Arterial,Dry,Yes, ,Yes, ,Yes,Yes, , 
-79.35094000000001,43.658515,Toronto and East York,2018,Bicycle,2018-10-08T04:00:00.000Z,20,Major Arterial,Dry, , , , ,Yes,Yes, , 
-79.452075,43.702281,North York,2018, ,2018-06-11T04:00:00.000Z,15,Major Arterial,Dry,Yes, ,Yes,Yes, ,Yes, , 
-79.53622,43.753218,Etobicoke York,2018,"Automobile, Station Wagon",2018-04-23T04:00:00.000Z,0,Major Arterial,Dry,Yes, ,Yes, , ,Yes, , 
-79.499957,43.623107,Etobicoke York,2018, ,2018-03-21T04:00:00.000Z,3,Expressway,Dry, , ,Yes, , ,Yes, , 
-79.512874,43.599005,Etobicoke York,2018, ,2018-05-15T04:00:00.000Z,22,Major Arterial, , ,Yes,Yes, , ,Yes, , 
-79.299571,43.800383000000004,Scarborough,2018, ,2018-12-07T05:00:00.000Z,18,Major Arterial,Dry, , , ,Yes, ,Yes, , 
-79.232578,43.741534,Scarborough,2018, ,2018-11-25T05:00:00.000Z,17,Minor Arterial,Dry, , ,Yes,Yes, ,Yes, , 
-79.57712099999999,43.705172,Etobicoke York,2018,Motorcycle,2018-05-30T04:00:00.000Z,3,Major Arterial, , , ,Yes, , , ,Yes,Yes
-79.413097,43.777663000000004,North York,2018,"Automobile, Station Wagon",2018-07-25T04:00:00.000Z,0,Minor Arterial,Wet, , ,Yes, , ,Yes, , 
-79.282741,43.773322,Scarborough,2018, ,2018-02-21T05:00:00.000Z,18,Collector,Dry, , , ,Yes, , , ,Yes
-79.29249899999999,43.782229,Scarborough,2018, ,2018-09-26T04:00:00.000Z,20,Major Arterial,Dry, , ,Yes,Yes, ,Yes, , 
-79.49109200000001,43.724532,North York,2018, ,2018-03-29T04:00:00.000Z,12,Major Arterial,Wet, , , ,Yes, ,Yes, , 
-79.43934899999999,43.69797,Toronto and East York,2018, ,2018-07-26T04:00:00.000Z,0,Major Arterial,Dry, , ,Yes,Yes, , , ,Yes
-79.254787,43.706175,Scarborough,2018, ,2018-08-06T04:00:00.000Z,9,Local,Dry, , ,Yes,Yes, ,Yes, , 
-79.306857,43.818521999999994,Scarborough,2018, ,2018-02-27T05:00:00.000Z,15,Collector,Dry, , , ,Yes, ,Yes, , 
-79.402156,43.725032,North York,2018, ,2018-05-15T04:00:00.000Z,9,Major Arterial, , , ,Yes,Yes, ,Yes, , 
-79.383662,43.68439,Toronto and East York,2018,Motorcycle,2018-03-28T04:00:00.000Z,17,Major Arterial,Dry, , ,Yes, , ,Yes,Yes, 
-79.307048,43.823569,Scarborough,2018, ,2018-05-29T04:00:00.000Z,9,Major Arterial,Dry, , , , , , , , 
-79.382091,43.649542,Toronto and East York,2018, ,2018-01-05T05:00:00.000Z,11,Major Arterial,Other, , ,Yes,Yes, ,Yes, , 
-79.213535,43.814105,Scarborough,2018,"Automobile, Station Wagon",2018-04-21T04:00:00.000Z,23,Minor Arterial,Dry, , ,Yes, , ,Yes, , 
-79.32454200000001,43.81428,Scarborough,2018, ,2018-01-24T05:00:00.000Z,11,Major Arterial,Dry,Yes, ,Yes,Yes, ,Yes, , 
-79.583987,43.688479,Etobicoke York,2018, ,2018-05-04T04:00:00.000Z,23,Major Arterial, , , , ,Yes, ,Yes, , 
-79.426227,43.663294,Toronto and East York,2018,Other,2018-10-18T04:00:00.000Z,12,Minor Arterial,Dry, , ,Yes,Yes, ,Yes, , 
-79.58575,43.750846,Etobicoke York,2018, ,2018-11-01T04:00:00.000Z,20,Major Arterial,Dry, , , ,Yes, ,Yes, , 
-79.520046,43.633887,Etobicoke York,2018,Motorcycle,2018-07-29T04:00:00.000Z,10,Collector,Dry, , , , , , ,Yes, 
-79.488223,43.727903999999995,North York,2018, ,2018-01-15T05:00:00.000Z,15,Local,Loose Snow, , , ,Yes, ,Yes, , 
-79.392772,43.788287,North York,2018,"Automobile, Station Wagon",2018-02-17T05:00:00.000Z,23,Major Arterial, , , ,Yes, , ,Yes, , 
-79.399799,43.667445,Toronto and East York,2018,Bicycle,2018-06-12T04:00:00.000Z,12,Major Arterial,Dry, , , , ,Yes, , ,Yes
-79.443141,43.716181,North York,2018, ,2018-11-20T05:00:00.000Z,18,Expressway,Dry, , ,Yes,Yes, , , , 
-79.438556,43.736334,North York,2018,"Automobile, Station Wagon",2018-05-20T04:00:00.000Z,23,Major Arterial,Dry, , ,Yes, , ,Yes, , 
-79.16299000000001,43.786017,Scarborough,2018, ,2018-08-09T04:00:00.000Z,0,Expressway, , , , ,Yes, ,Yes, , 
-79.562267,43.747714,Etobicoke York,2018, ,2018-02-02T05:00:00.000Z,9,Major Arterial,Dry, , ,Yes,Yes, ,Yes, , 
-79.369693,43.663325,Toronto and East York,2018, ,2018-09-21T04:00:00.000Z,16,Laneway,Dry, , , ,Yes, ,Yes, , 
-79.398158,43.658187,Toronto and East York,2018, ,2018-03-15T04:00:00.000Z,2,Major Arterial,Dry, ,Yes,Yes,Yes, ,Yes, , 
-79.394183,43.675101,Toronto and East York,2018, ,2018-12-22T05:00:00.000Z,6,Major Arterial,Dry, , ,Yes,Yes, ,Yes, , 
-79.282733,43.716109,Scarborough,2018, ,2018-07-30T04:00:00.000Z,14,Major Arterial,Dry, , ,Yes,Yes, ,Yes, , 
-79.245151,43.837934999999995,Scarborough,2018, ,2018-01-07T05:00:00.000Z,21,Major Arterial,Other, , , ,Yes, ,Yes, , 
-79.451724,43.700686,North York,2018, ,2018-09-20T04:00:00.000Z,16,Major Arterial,Dry, , , ,Yes, ,Yes, , 
-79.44089100000001,43.765390999999994,North York,2018, ,2018-02-20T05:00:00.000Z,16,Major Arterial,Wet, , ,Yes,Yes, , , ,Yes
-79.267612,43.758383,Scarborough,2018, ,2018-12-04T05:00:00.000Z,19,Major Arterial,Dry, , ,Yes,Yes, ,Yes, , 
-79.22932,43.756827,Scarborough,2018, ,2018-03-02T05:00:00.000Z,19,Collector,Other, , , ,Yes, ,Yes, , 
-79.504077,43.600909,Etobicoke York,2018,Other,2018-09-11T04:00:00.000Z,17,Major Arterial,Dry, , , ,Yes, ,Yes, , 
-79.427638,43.630686,Toronto and East York,2018,Motorcycle,2018-06-02T04:00:00.000Z,19,Major Arterial, , , , , , ,Yes,Yes, 
-79.361987,43.692008,Toronto and East York,2018,"Automobile, Station Wagon",2018-01-01T05:00:00.000Z,1,Major Arterial,Dry, , ,Yes, , ,Yes, , 
-79.415889,43.722941,North York,2018,"Automobile, Station Wagon",2018-11-01T04:00:00.000Z,17,Major Arterial,Dry, , , , , ,Yes, , 
-79.291301,43.763327000000004,Scarborough,2018, ,2018-11-09T05:00:00.000Z,6,Major Arterial,Dry, , , ,Yes, ,Yes, , 
-79.52977299999999,43.647521000000005,Etobicoke York,2018, ,2018-12-26T05:00:00.000Z,18,Major Arterial,Dry, , , ,Yes, ,Yes, , 
-79.589862,43.759535,Etobicoke York,2018, ,2018-06-29T04:00:00.000Z,1,Major Arterial,Dry, , ,Yes,Yes, ,Yes, , 
-79.469287,43.637206,Toronto and East York,2018, ,2018-10-01T04:00:00.000Z,6,Major Arterial,Wet, , , ,Yes, , , , 
-79.247051,43.719565,Scarborough,2018, ,2018-09-26T04:00:00.000Z,7,Minor Arterial,Dry,Yes, ,Yes,Yes, ,Yes, , 
-79.259883,43.716772999999996,Scarborough,2018,Motorcycle,2018-06-14T04:00:00.000Z,5,Major Arterial,Dry, , ,Yes, , ,Yes,Yes, 
-79.406253,43.762419,North York,2018, ,2018-10-08T04:00:00.000Z,1,Major Arterial,Dry, , , ,Yes, ,Yes, , 
-79.525653,43.599353,Etobicoke York,2018, ,2018-09-05T04:00:00.000Z,14,Local,Dry, , , ,Yes, , , ,Yes
-79.411601,43.703868,Toronto and East York,2018, ,2018-06-23T04:00:00.000Z,12,Major Arterial,Dry, , , ,Yes, ,Yes, , 
-79.520099,43.695372,Etobicoke York,2018,Motorcycle,2018-10-05T04:00:00.000Z,18,Major Arterial,Dry, , ,Yes, , ,Yes,Yes, 
-79.26992299999999,43.790507,Scarborough,2018, ,2018-01-02T05:00:00.000Z,17,Major Arterial,Dry, , , ,Yes, ,Yes, , 
-79.239131,43.767378,Scarborough,2018,Motorcycle,2018-08-10T04:00:00.000Z,20,Minor Arterial,Dry,Yes, ,Yes, , ,Yes,Yes, 
-79.472026,43.683169,Etobicoke York,2018,Motorcycle,2018-09-18T04:00:00.000Z,18,Major Arterial,Dry, , ,Yes, , ,Yes,Yes, 
-79.24006999999999,43.793504999999996,Scarborough,2017, ,2017-06-13T04:00:00.000Z,16,Major Arterial,Dry, , , , , ,Yes, , 
-79.26977099999999,43.711009000000004,Scarborough,2017, ,2017-09-28T04:00:00.000Z,16,Minor Arterial,Dry, ,Yes,Yes,Yes, ,Yes, , 
-79.311122,43.758727,Scarborough,2017,"Automobile, Station Wagon",2017-05-16T04:00:00.000Z,11,Major Arterial,Dry, , , , , ,Yes, , 
-79.471744,43.652056,Toronto and East York,2017,"Automobile, Station Wagon",2017-03-07T05:00:00.000Z,15,Major Arterial,Dry, , ,Yes, , ,Yes, , 
-79.501659,43.768195,Etobicoke York,2017, ,2017-10-03T04:00:00.000Z,16,Minor Arterial,Dry, , , ,Yes, ,Yes, , 
-79.250186,43.741065,Scarborough,2017,"Automobile, Station Wagon",2017-02-02T05:00:00.000Z,2,Major Arterial,Wet, , ,Yes, , ,Yes, , 
-79.390872,43.779303000000006,North York,2017, ,2017-05-31T04:00:00.000Z,9,Major Arterial,Dry, , , ,Yes, ,Yes, , 
-79.397746,43.745096999999994,North York,2017,"Automobile, Station Wagon",2017-03-19T04:00:00.000Z,2,Major Arterial,Wet, , ,Yes, , ,Yes, , 
-79.509639,43.7396,North York,2017, ,2017-03-04T05:00:00.000Z,10,Major Arterial,Dry,Yes, ,Yes,Yes, ,Yes, , 
-79.380771,43.649821,Toronto and East York,2017, ,2017-02-23T05:00:00.000Z,10,Major Arterial,Dry, , ,Yes,Yes, ,Yes, , 
-79.24901899999999,43.83705,Scarborough,2017, ,2017-08-27T04:00:00.000Z,20,Major Arterial,Dry, , ,Yes,Yes, ,Yes, , 
-79.380786,43.795336,North York,2017,"Automobile, Station Wagon",2017-04-13T04:00:00.000Z,1,Collector,Dry, , ,Yes, , ,Yes, , 
-79.251254,43.706267,Scarborough,2017, ,2017-06-03T04:00:00.000Z,11,Major Arterial,Dry, , ,Yes,Yes, ,Yes, , 
-79.30125699999999,43.763490999999995,Scarborough,2017, ,2017-09-27T04:00:00.000Z,21,Major Arterial,Dry, , ,Yes,Yes, ,Yes, , 
-79.495136,43.685427000000004,Etobicoke York,2017, ,2017-12-18T05:00:00.000Z,17,Major Arterial,Wet, , , ,Yes, ,Yes, , 
-79.211665,43.816607,Scarborough,2017, ,2017-05-05T04:00:00.000Z,23,Minor Arterial, , , , , , ,Yes, , 
-79.428958,43.649501,Toronto and East York,2017, ,2017-08-25T04:00:00.000Z,11,Minor Arterial,Dry, , , ,Yes, ,Yes, , 
-79.458873,43.73202,North York,2017, ,2017-04-11T04:00:00.000Z,10,Major Arterial,Dry, , ,Yes,Yes, , , ,Yes
-79.370532,43.658351,Toronto and East York,2017, ,2017-08-15T04:00:00.000Z,4,Major Arterial,Wet, , , ,Yes, , , , 
-79.519672,43.604773,Etobicoke York,2017,Pick Up Truck,2017-02-18T05:00:00.000Z,0,Major Arterial,Dry, , ,Yes, , ,Yes, , 
-79.260021,43.734023,Scarborough,2017, ,2017-07-18T04:00:00.000Z,10,Major Arterial,Dry, , , ,Yes, , , , 
-79.472667,43.633497999999996,Toronto and East York,2017,"Automobile, Station Wagon",2017-01-29T05:00:00.000Z,3,Expressway,Dry, ,Yes,Yes, , ,Yes, , 
-79.39563299999999,43.637957,Toronto and East York,2017, ,2017-01-29T05:00:00.000Z,1,Expressway,Dry, , , ,Yes, ,Yes, , 
-79.542079,43.592673,Etobicoke York,2017,Delivery Van,2017-01-21T05:00:00.000Z,0,Major Arterial,Wet, , ,Yes, , ,Yes, , 
-79.40224,43.725344,North York,2017, ,2017-10-05T04:00:00.000Z,3,Major Arterial,Dry, , , ,Yes, , , , 
-79.243045,43.720442,Scarborough,2017,"Automobile, Station Wagon",2017-08-26T04:00:00.000Z,10,Minor Arterial,Dry, , ,Yes, , ,Yes, , 
-79.20591999999999,43.749583,Scarborough,2017, ,2017-12-17T05:00:00.000Z,0,Major Arterial,Other, , ,Yes, , , , , 
-79.431827,43.63795,Toronto and East York,2017,Bicycle,2017-10-18T04:00:00.000Z,9,Major Arterial,Dry, , ,Yes, ,Yes,Yes, , 
-79.422664,43.654326,Toronto and East York,2017,Bicycle,2017-12-20T05:00:00.000Z,11,Major Arterial,Other, , , , ,Yes, , ,Yes
-79.484439,43.64926,Toronto and East York,2017,Motorcycle,2017-07-18T04:00:00.000Z,15,Major Arterial,Dry, , , , , , ,Yes,Yes
-79.287677,43.764189,Scarborough,2017, ,2017-01-08T05:00:00.000Z,18,Major Arterial,Dry, , , ,Yes, ,Yes, , 
-79.292102,43.738906,Scarborough,2017, ,2017-11-10T05:00:00.000Z,22,Major Arterial,Dry, , , ,Yes, ,Yes, , 
-79.446689,43.756312,North York,2017, ,2017-09-05T04:00:00.000Z,18,Local,Dry, , ,Yes,Yes, ,Yes, , 
-79.251239,43.701213,Scarborough,2017, ,2017-04-06T04:00:00.000Z,14,Local,Wet, , , , , , , ,Yes
-79.17908,43.793753,Scarborough,2017, ,2017-04-21T04:00:00.000Z,15,Collector,Dry, , , ,Yes, ,Yes, , 
-79.61201,43.720431,Etobicoke York,2017, ,2017-03-04T05:00:00.000Z,12,Major Arterial,Dry, , , ,Yes, ,Yes, , 
-79.37099,43.658221000000005,Toronto and East York,2017, ,2017-07-31T04:00:00.000Z,7,Major Arterial,Dry, , ,Yes,Yes, ,Yes, , 
-79.26276700000001,43.827811,Scarborough,2017, ,2017-12-20T05:00:00.000Z,18,Collector,Other, , , ,Yes, ,Yes, , 
-79.38985799999999,43.679961,Toronto and East York,2017, ,2017-12-03T05:00:00.000Z,12,Local,Dry, , , ,Yes, ,Yes, , 
-79.494518,43.676146,Etobicoke York,2017,Bicycle,2017-06-30T04:00:00.000Z,13,Collector,Dry, , , , ,Yes,Yes, , 
-79.61288,43.755641,Etobicoke York,2017, ,2017-09-15T04:00:00.000Z,6,Major Arterial,Dry, , ,Yes, , ,Yes, ,Yes
-79.366107,43.781909000000006,North York,2017,Motorcycle,2017-04-26T04:00:00.000Z,18,Major Arterial,Dry, , ,Yes, , ,Yes,Yes, 
-79.36806,43.680995,Toronto and East York,2017,Motorcycle,2017-07-08T04:00:00.000Z,20,Major Arterial,Dry, , , , , ,Yes,Yes, 
-79.49446400000001,43.781508,North York,2017, ,2017-10-31T04:00:00.000Z,22,Major Arterial,Other, , ,Yes, , ,Yes, , 
-79.37889399999999,43.667636,Toronto and East York,2017, ,2017-03-18T04:00:00.000Z,19,Major Arterial,Wet, , , ,Yes, ,Yes, , 
-79.542331,43.752016999999995,Etobicoke York,2017,"Automobile, Station Wagon",2017-01-25T05:00:00.000Z,14,Major Arterial,Wet,Yes, ,Yes, , ,Yes, ,Yes
-79.35718100000001,43.682852000000004,Toronto and East York,2017, ,2017-09-20T04:00:00.000Z,19,Minor Arterial,Dry, , , ,Yes, ,Yes, , 
-79.37382099999999,43.648543,Toronto and East York,2017, ,2017-12-15T05:00:00.000Z,12,Minor Arterial,Other, , ,Yes,Yes, , , ,Yes
-79.36725899999999,43.648974,Toronto and East York,2017, ,2017-01-03T05:00:00.000Z,7,Minor Arterial,Wet, , , ,Yes, ,Yes, , 
-79.274997,43.829547,Scarborough,2017, ,2017-09-28T04:00:00.000Z,21,Major Arterial,Dry, , , ,Yes, ,Yes, , 
-79.560214,43.621218,Etobicoke York,2017,"Automobile, Station Wagon",2017-11-02T04:00:00.000Z,8,Minor Arterial, , , ,Yes, , ,Yes, , 
-79.27088499999999,43.687686,Scarborough,2017, ,2017-12-21T05:00:00.000Z,15,Major Arterial,Other,Yes,Yes,Yes,Yes, ,Yes, , 
-79.215762,43.760802000000005,Scarborough,2017, ,2017-07-22T04:00:00.000Z,23,Minor Arterial,Dry, , , ,Yes, ,Yes, , 
-79.322238,43.775355,Scarborough,2017,Passenger Van,2017-11-24T05:00:00.000Z,11,Major Arterial,Dry, , , ,Yes, ,Yes, ,Yes
-79.34798,43.755549,North York,2017, ,2017-10-04T04:00:00.000Z,23,Major Arterial,Dry, ,Yes, ,Yes, ,Yes, , 
-79.397403,43.651315999999994,Toronto and East York,2017, ,2017-04-14T04:00:00.000Z,18,Major Arterial,Dry, , , ,Yes, , , , 
-79.286601,43.751868,Scarborough,2017, ,2017-12-01T05:00:00.000Z,23,Major Arterial,Dry, , , ,Yes, ,Yes, , 
-79.40326999999999,43.707171,North York,2017, ,2017-11-28T05:00:00.000Z,12,Collector,Dry, , ,Yes,Yes, ,Yes, , 
-79.194843,43.803004,Scarborough,2017,"Automobile, Station Wagon",2017-08-10T04:00:00.000Z,18,Major Arterial,Dry, , , , , ,Yes, , 
-79.312076,43.748763000000004,Scarborough,2017,"Automobile, Station Wagon",2017-08-24T04:00:00.000Z,23,Major Arterial,Dry, , , ,Yes, ,Yes, , 
-79.30125699999999,43.763490999999995,Scarborough,2017, ,2017-09-27T04:00:00.000Z,21,Major Arterial,Dry, , ,Yes,Yes, ,Yes, , 
-79.447238,43.734515,North York,2017,Motorcycle,2017-05-08T04:00:00.000Z,18,Major Arterial,Dry, , ,Yes, , ,Yes,Yes, 
-79.44137099999999,43.635432,Toronto and East York,2017,Bicycle,2017-05-24T04:00:00.000Z,18,Expressway,Dry, , , , ,Yes, , , 
-79.260387,43.715674,Scarborough,2016, ,2016-06-17T04:00:00.000Z,3,Minor Arterial,Dry, , , ,Yes, ,Yes, , 
-79.246181,43.820227,Scarborough,2016, ,2016-03-31T04:00:00.000Z,21,Major Arterial,Wet, , , ,Yes, ,Yes, , 
-79.29066800000001,43.81116,Scarborough,2016, ,2016-12-13T05:00:00.000Z,14,Major Arterial,Dry, , , ,Yes, ,Yes, , 
-79.4099,43.788653000000004,North York,2016,"Automobile, Station Wagon",2016-04-09T04:00:00.000Z,21,Minor Arterial,Dry,Yes, ,Yes, , ,Yes, , 
-79.435222,43.633078000000005,Toronto and East York,2016,"Automobile, Station Wagon",2016-10-31T04:00:00.000Z,2,Expressway,Dry, , ,Yes, , ,Yes, , 
-79.19795500000001,43.84878,Scarborough,2016,"Automobile, Station Wagon",2016-08-14T04:00:00.000Z,2,Minor Arterial,Dry, , ,Yes, , ,Yes, , 
-79.377147,43.711028000000006,North York,2016, ,2016-01-15T05:00:00.000Z,14,Major Arterial,Wet, , , ,Yes, ,Yes, , 
-79.33229399999999,43.738375,North York,2016,"Automobile, Station Wagon",2016-05-31T04:00:00.000Z,14,Expressway,Dry, , , , , ,Yes, ,Yes
-79.54156,43.593039000000005,Etobicoke York,2016,"Automobile, Station Wagon",2016-01-08T05:00:00.000Z,5,Major Arterial,Wet, , ,Yes, , ,Yes, , 
-79.267925,43.732192,Scarborough,2016, ,2016-06-06T04:00:00.000Z,14,Major Arterial,Dry,Yes, ,Yes, , ,Yes, , 
-79.48286800000001,43.688357,Etobicoke York,2016,"Automobile, Station Wagon",2016-01-06T05:00:00.000Z,14,Major Arterial,Dry, , , , , ,Yes, , 
-79.37324100000001,43.65372,Toronto and East York,2016, ,2016-03-04T05:00:00.000Z,14,Major Arterial,Dry, , , ,Yes, , , ,Yes
-79.392284,43.640692,Toronto and East York,2016, ,2016-06-14T04:00:00.000Z,14,Minor Arterial,Dry, , ,Yes,Yes, ,Yes, , 
-79.513202,43.739379,North York,2016, ,2016-04-10T04:00:00.000Z,3,Major Arterial,Dry, , ,Yes, , ,Yes, , 
-79.511264,43.731806,North York,2016,Motorcycle,2016-05-17T04:00:00.000Z,14,Major Arterial,Dry, , ,Yes, , ,Yes,Yes, 
-79.513202,43.739379,North York,2016, ,2016-04-10T04:00:00.000Z,3,Major Arterial,Dry, , ,Yes, , ,Yes, , 
-79.364993,43.656932,Toronto and East York,2016, ,2016-07-28T04:00:00.000Z,14,Minor Arterial,Dry, , , ,Yes, , , ,Yes
-79.409488,43.656096000000005,Toronto and East York,2016, ,2016-11-02T04:00:00.000Z,19,Major Arterial,Wet, , , ,Yes, ,Yes, , 
-79.513202,43.739379,North York,2016, ,2016-04-10T04:00:00.000Z,3,Major Arterial,Dry, , ,Yes, , ,Yes, , 
-79.4864,43.653998,Toronto and East York,2016, ,2016-04-23T04:00:00.000Z,3,Major Arterial,Other, , ,Yes, , ,Yes, , 
-79.222949,43.742284999999995,Scarborough,2016, ,2016-04-25T04:00:00.000Z,21,Major Arterial,Wet, , , ,Yes, ,Yes, , 
-79.50360400000001,43.760237,Etobicoke York,2016, ,2016-02-13T05:00:00.000Z,10,Major Arterial,Dry, , , ,Yes, ,Yes, , 
-79.438091,43.640776,Toronto East York,2016, ,2016-02-18T05:00:00.000Z,22,Local,Dry, , , ,Yes, , , , 
-79.34917800000001,43.641405999999996,Toronto and East York,2016,"Automobile, Station Wagon",2016-10-27T04:00:00.000Z,15,Collector,Wet, , ,Yes, , ,Yes, , 
-79.377452,43.642066,Toronto and East York,2016,Motorcycle,2016-09-01T04:00:00.000Z,22,Major Arterial,Dry, , , , , ,Yes,Yes, 
-79.600063,43.727339,Etobicoke York,2016,"Automobile, Station Wagon",2016-05-24T04:00:00.000Z,13,Major Arterial,Dry, , ,Yes, , ,Yes, ,Yes
-79.517581,43.661376000000004,Etobicoke York,2016,Motorcycle,2016-07-22T04:00:00.000Z,19,Minor Arterial,Dry, , ,Yes, , ,Yes,Yes, 
-79.247493,43.755103000000005,Scarborough,2016, ,2016-06-15T04:00:00.000Z,0,Major Arterial,Dry, , , ,Yes, ,Yes, , 
-79.521175,43.599963,Etobicoke York,2016,"Automobile, Station Wagon",2016-02-01T05:00:00.000Z,10,Collector,Dry, , ,Yes, , ,Yes, , 
-79.255756,43.783583,Scarborough,2016,Motorcycle,2016-07-06T04:00:00.000Z,18,Expressway,Dry, , ,Yes, , ,Yes,Yes, 
-79.341022,43.756446000000004,North York,2016, ,2016-10-11T04:00:00.000Z,11,Collector,Dry, , , ,Yes, ,Yes, , 
-79.507747,43.648158,Etobicoke York,2016, ,2016-11-06T04:00:00.000Z,11,Major Arterial,Dry, , ,Yes,Yes, ,Yes, , 
-79.493961,43.760321000000005,Etobicoke York,2016, ,2016-01-31T05:00:00.000Z,2,Local,Wet, ,Yes, , , ,Yes, , 
-79.564426,43.618773,Etobicoke York,2016,"Automobile, Station Wagon",2016-05-28T04:00:00.000Z,18,Minor Arterial,Dry, , ,Yes, , ,Yes, , 
-79.42094,43.708262,North York,2016,"Automobile, Station Wagon",2016-04-08T04:00:00.000Z,9,Local,Dry, , ,Yes, , ,Yes, , 
-79.352275,43.793151,North York,2016, ,2016-03-29T04:00:00.000Z,9,Major Arterial,Dry, , , ,Yes, ,Yes, , 
-79.36342900000001,43.645872999999995,Toronto and East York,2016, ,2016-07-02T04:00:00.000Z,18,Minor Arterial,Dry, , ,Yes, , ,Yes, , 
-79.422359,43.778242999999996,North York,2016, ,2016-08-05T04:00:00.000Z,12,Major Arterial,Dry, , , ,Yes, ,Yes, , 
-79.304355,43.77949,Scarborough,2016, ,2016-11-14T05:00:00.000Z,8,Major Arterial,Dry, , ,Yes,Yes, ,Yes, , 
-79.419765,43.734460999999996,North York,2016, ,2016-05-01T04:00:00.000Z,20,Major Arterial,Wet, , , ,Yes, ,Yes, , 
-79.207637,43.747851000000004,Scarborough,2016, ,2016-07-29T04:00:00.000Z,18,Major Arterial,Dry, , ,Yes,Yes, ,Yes, , 
-79.611308,43.720599,Etobicoke York,2016,Motorcycle,2016-08-05T04:00:00.000Z,18,Major Arterial,Dry, , ,Yes, , , ,Yes,Yes
-79.367008,43.651472999999996,Toronto and East York,2016, ,2016-03-23T04:00:00.000Z,20,Major Arterial,Wet, , , ,Yes, ,Yes, , 
-79.482974,43.754729,North York,2016, ,2016-09-16T04:00:00.000Z,12,Local,Dry, , ,Yes,Yes, ,Yes, , 
-79.437427,43.664706,Toronto and East York,2016, ,2016-01-30T05:00:00.000Z,17,Major Arterial,Dry, , , ,Yes, ,Yes, , 
-79.57332199999999,43.764662,Etobicoke York,2016,Motorcycle,2016-03-09T05:00:00.000Z,18,Major Arterial,Dry, , ,Yes, , , ,Yes, 
-79.373676,43.657778,Toronto and East York,2016, ,2016-11-24T05:00:00.000Z,20,Local,Wet, , , ,Yes, ,Yes, , 
-79.42372399999999,43.671199,Toronto and East York,2016,Bicycle,2016-07-05T04:00:00.000Z,12,Major Arterial,Dry, , , , ,Yes, , , 
-79.437747,43.752669,North York,2016, ,2016-12-06T05:00:00.000Z,7,Major Arterial,Dry, , , ,Yes, ,Yes, , 
-79.450549,43.691016,Toronto and East York,2016, ,2016-06-22T04:00:00.000Z,6,Local,Dry, , , ,Yes, ,Yes, , 
-79.297221,43.693529999999996,Toronto and East York,2016, ,2016-02-18T05:00:00.000Z,13,Minor Arterial,Dry, , ,Yes,Yes, ,Yes, , 
-79.315753,43.796763,Scarborough,2016, ,2016-08-30T04:00:00.000Z,6,Major Arterial,Dry, , , , , ,Yes, , 
-79.280681,43.764497999999996,Scarborough,2016, ,2016-01-03T05:00:00.000Z,19,Major Arterial,Dry, , ,Yes,Yes, ,Yes, , 
-79.372058,43.712084000000004,North York,2016, ,2016-10-20T04:00:00.000Z,19,Major Arterial,Wet, , ,Yes,Yes, ,Yes, , 
-79.427036,43.700666999999996,Toronto and East York,2016, ,2016-09-30T04:00:00.000Z,19,Major Arterial,Dry, , , ,Yes, ,Yes, , 
-79.320316,43.775892999999996,Scarborough,2016, ,2016-01-17T05:00:00.000Z,19,Major Arterial,Dry, , , ,Yes, ,Yes, , 
-79.260188,43.734049,Scarborough,2016, ,2016-10-02T04:00:00.000Z,19,Major Arterial,Wet, , , ,Yes, ,Yes, , 
-79.315616,43.696753,Toronto and East York,2016, ,2016-12-01T05:00:00.000Z,13,Collector,Dry, , ,Yes,Yes, ,Yes, , 
-79.54007299999999,43.636099,Etobicoke York,2016, ,2016-01-28T05:00:00.000Z,9,Major Arterial,Dry, , ,Yes,Yes, , , , 
-79.352275,43.793151,North York,2016, ,2016-08-19T04:00:00.000Z,9,Major Arterial,Dry, , , ,Yes, ,Yes, , 
-79.25435999999999,43.735331,Scarborough,2016, ,2016-10-02T04:00:00.000Z,10,Major Arterial,Dry, , , ,Yes, ,Yes, , 
-79.56525699999999,43.737165999999995,Etobicoke York,2016, ,2016-07-05T04:00:00.000Z,11,Major Arterial,Dry, , , ,Yes, ,Yes, , 
-79.479152,43.669959000000006,Etobicoke York,2016,"Automobile, Station Wagon",2016-09-29T04:00:00.000Z,10,Major Arterial,Wet, , ,Yes, , ,Yes, , 
-79.297504,43.725642,Scarborough,2016,"Automobile, Station Wagon",2016-10-30T04:00:00.000Z,2,Major Arterial,Dry, , ,Yes, , ,Yes, , 
-79.38240400000001,43.680724,Toronto and East York,2016, ,2016-09-05T04:00:00.000Z,2,Major Arterial,Dry, ,Yes,Yes, , ,Yes, , 
-79.51075300000001,43.602278000000005,Etobicoke York,2016,"Automobile, Station Wagon",2016-07-12T04:00:00.000Z,17,Collector,Dry, , , , , ,Yes, , 
-79.574641,43.728128999999996,Etobicoke York,2016, ,2016-07-04T04:00:00.000Z,20,Major Arterial,Dry, , ,Yes,Yes, ,Yes, , 
-79.324161,43.777732,Scarborough,2016, ,2016-04-22T04:00:00.000Z,17,Major Arterial,Dry, , , ,Yes, ,Yes, , 
-79.467433,43.688113,Etobicoke York,2016,"Automobile, Station Wagon",2016-05-30T04:00:00.000Z,17,Local,Dry, , , , , ,Yes, , 
-79.254108,43.750491,Scarborough,2016, ,2016-11-10T05:00:00.000Z,17,Major Arterial,Dry, , , ,Yes, ,Yes, , 
-79.430972,43.674712,Toronto and East York,2016, ,2016-10-12T04:00:00.000Z,11,Minor Arterial,Dry, , ,Yes,Yes, ,Yes, , 
-79.258098,43.734519,Scarborough,2016, ,2016-10-12T04:00:00.000Z,11,Major Arterial,Dry,Yes, ,Yes,Yes, ,Yes, , 
-79.370654,43.671935,Toronto and East York,2016, ,2016-11-28T05:00:00.000Z,21,Major Arterial,Dry, , ,Yes, , ,Yes, , 
-79.288913,43.672746999999994,Toronto and East York,2016, ,2016-05-03T04:00:00.000Z,9,Local,Dry, , , ,Yes, ,Yes, , 
-79.427661,43.681227,Toronto and East York,2016, ,2016-09-21T04:00:00.000Z,17,Major Arterial,Dry, , , ,Yes, ,Yes, , 
-79.354724,43.792651,North York,2016, ,2016-03-14T04:00:00.000Z,9,Major Arterial,Wet,Yes, ,Yes, , ,Yes, , 
-79.413997,43.789603,North York,2016, ,2016-02-10T05:00:00.000Z,9,Local,Wet, , ,Yes,Yes, ,Yes, , 
-79.336467,43.816844,Scarborough,2016,"Automobile, Station Wagon",2016-01-14T05:00:00.000Z,11,Major Arterial,Wet, , ,Yes, , ,Yes, ,Yes
-79.55945899999999,43.69047,Etobicoke York,2015,"Automobile, Station Wagon",2015-05-27T04:00:00.000Z,21,Local,Dry, , , , , ,Yes, , 
-79.430408,43.660933,Toronto and East York,2015, ,2015-05-31T04:00:00.000Z,21,Major Arterial,Wet, , ,Yes,Yes, ,Yes, , 
-79.24306800000001,43.81296,Scarborough,2015, ,2015-03-04T05:00:00.000Z,16,Major Arterial,Dry, , ,Yes,Yes, , , ,Yes
-79.570071,43.760417,Etobicoke York,2015, ,2015-03-04T05:00:00.000Z,19,Minor Arterial,Dry, , ,Yes,Yes, ,Yes, , 
-79.171031,43.808852,Scarborough,2015, ,2015-08-09T04:00:00.000Z,21,Collector,Dry, , , ,Yes, ,Yes, , 
-79.271098,43.767913,Scarborough,2015, ,2015-09-20T04:00:00.000Z,20,Major Arterial,Dry, , , , , ,Yes, , 
-79.503825,43.702868,Etobicoke York,2015, ,2015-11-11T05:00:00.000Z,20,Major Arterial,Dry, , , ,Yes, ,Yes, , 
-79.541393,43.685214,Etobicoke York,2015, ,2015-10-10T04:00:00.000Z,19,Major Arterial,Dry, , ,Yes,Yes, ,Yes, , 
-79.44664300000001,43.686811999999996,Toronto and East York,2015, ,2015-06-26T04:00:00.000Z,21,Major Arterial,Dry, , , ,Yes, ,Yes, , 
-79.4192,43.794638,North York,2015, ,2015-03-19T04:00:00.000Z,16,Major Arterial,Dry, , ,Yes,Yes, ,Yes, , 
-79.428859,43.681033,Toronto and East York,2015, ,2015-03-20T04:00:00.000Z,20,Major Arterial,Dry, , ,Yes,Yes, , , , 
-79.448695,43.76113,North York,2015, ,2015-09-05T04:00:00.000Z,16,Local,Dry, , , , , ,Yes, , 
-79.257442,43.720403999999995,Scarborough,2015, ,2015-02-05T05:00:00.000Z,17,Major Arterial,Wet, , ,Yes,Yes, ,Yes, , 
-79.302638,43.724711,Scarborough,2015, ,2015-03-27T04:00:00.000Z,20,Major Arterial,Dry, , , ,Yes, ,Yes, , 
-79.431415,43.726615,North York,2015, ,2015-11-30T05:00:00.000Z,17,Major Arterial,Dry, , ,Yes,Yes, ,Yes, , 
-79.352763,43.665820000000004,Toronto and East York,2015, ,2015-04-04T04:00:00.000Z,20,Minor Arterial,Wet, , , ,Yes, , , , 
-79.365749,43.655328999999995,Toronto and East York,2015, ,2015-09-22T04:00:00.000Z,17,Major Arterial,Dry, , , ,Yes, ,Yes, , 
-79.499889,43.722663,North York,2015,"Automobile, Station Wagon",2015-04-13T04:00:00.000Z,17,Major Arterial,Dry, , ,Yes, , ,Yes, , 
-79.500606,43.621562,Etobicoke York,2015, ,2015-02-13T05:00:00.000Z,15,Minor Arterial,Other, , , , , , , , 
-79.22742,43.729457000000004,Scarborough,2015,"Automobile, Station Wagon",2015-12-03T05:00:00.000Z,20,Major Arterial,Dry, , ,Yes, , ,Yes, , 
-79.47280400000001,43.684897,Etobicoke York,2015, ,2015-10-23T04:00:00.000Z,14,Major Arterial,Dry, , , ,Yes, ,Yes, , 
-79.39442,43.725703,North York,2015, ,2015-07-14T04:00:00.000Z,21,Local,Other, , ,Yes,Yes, ,Yes, , 
-79.592754,43.711352000000005,Etobicoke York,2015,Bicycle,2015-11-03T05:00:00.000Z,17,Major Arterial,Dry, , , , ,Yes,Yes, , 
-79.219142,43.743716,Scarborough,2015, ,2015-11-18T05:00:00.000Z,17,Major Arterial,Wet, , , ,Yes, ,Yes, , 
-79.471462,43.72959,North York,2015, ,2015-09-30T04:00:00.000Z,23,Major Arterial,Dry, , ,Yes, , ,Yes,Yes, 
-79.454883,43.74869,North York,2015, ,2015-03-28T04:00:00.000Z,12,Minor Arterial,Dry, , ,Yes,Yes, ,Yes, , 
-79.41212,43.637427,Toronto and East York,2015,Motorcycle,2015-04-01T04:00:00.000Z,23,Expressway,Dry, , ,Yes, , , ,Yes, 
-79.56166400000001,43.645896,Etobicoke York,2015,"Automobile, Station Wagon",2015-09-26T04:00:00.000Z,0,Expressway,Dry,Yes,Yes,Yes, , ,Yes, , 
-79.396594,43.674712,Toronto and East York,2015,Bicycle,2015-06-13T04:00:00.000Z,23,Major Arterial,Dry, , , , ,Yes,Yes, , 
-79.42554799999999,43.700984000000005,Toronto and East York,2015, ,2015-11-27T05:00:00.000Z,5,Major Arterial,Dry,Yes, ,Yes,Yes, , , ,Yes
-79.328265,43.682341,Toronto and East York,2015, ,2015-12-30T05:00:00.000Z,23,Major Arterial,Dry, , ,Yes,Yes, ,Yes, , 
-79.481792,43.623171,Etobicoke York,2015, ,2015-09-03T04:00:00.000Z,7,Major Arterial,Dry, , , ,Yes, , , ,Yes
-79.479564,43.715346000000004,Etobicoke York,2015,"Automobile, Station Wagon",2015-08-04T04:00:00.000Z,11,Major Arterial,Dry, , , , , ,Yes, ,Yes
-79.410945,43.704074,Toronto and East York,2015, ,2015-11-26T05:00:00.000Z,9,Major Arterial,Dry, , ,Yes,Yes, ,Yes, , 
-79.43634300000001,43.651801,Toronto and East York,2015, ,2015-01-25T05:00:00.000Z,7,Minor Arterial,Dry, , ,Yes,Yes, ,Yes, , 
-79.301936,43.812129,Scarborough,2015, ,2015-02-16T05:00:00.000Z,6,Major Arterial,Dry,Yes, ,Yes,Yes, ,Yes, , 
-79.352985,43.669097,Toronto and East York,2015,"Automobile, Station Wagon",2015-01-11T05:00:00.000Z,3,Minor Arterial,Dry, , ,Yes, , ,Yes, , 
-79.540759,43.650695,Etobicoke York,2015, ,2015-10-03T04:00:00.000Z,3,Major Arterial,Dry, , ,Yes, , ,Yes, , 
-79.245418,43.755538,Scarborough,2015, ,2015-06-02T04:00:00.000Z,12,Major Arterial,Dry, , , ,Yes, ,Yes, , 
-79.340846,43.727645,North York,2015, ,2015-05-22T04:00:00.000Z,8,Major Arterial,Dry, , ,Yes,Yes, ,Yes, , 
-79.457828,43.655169,Toronto and East York,2015, ,2015-05-16T04:00:00.000Z,3,Major Arterial,Dry, , , ,Yes, ,Yes, , 
-79.382312,43.679423,Toronto and East York,2015,Bicycle,2015-05-19T04:00:00.000Z,8,Collector,Dry, , , , ,Yes,Yes, , 
-79.424945,43.699484999999996,Toronto and East York,2015,"Automobile, Station Wagon",2015-11-14T05:00:00.000Z,8,Major Arterial,Dry, , , ,Yes, ,Yes, , 
-79.38129,43.732985,North York,2015,"Automobile, Station Wagon",2015-08-16T04:00:00.000Z,12,Major Arterial,Dry,Yes, ,Yes, , ,Yes, , 
-79.332736,43.689231,Toronto and East York,2015, ,2015-03-10T04:00:00.000Z,6,Minor Arterial,Wet, , , ,Yes, ,Yes, , 
-79.528835,43.626292,Etobicoke York,2015,Motorcycle,2015-07-06T04:00:00.000Z,0,Major Arterial,Dry, , ,Yes, , ,Yes,Yes, 
-79.435138,43.633349,Toronto and East York,2015,Motorcycle,2015-09-06T04:00:00.000Z,10,Expressway,Dry, , , , , , ,Yes, 
-79.507922,43.759271999999996,Etobicoke York,2015,Bicycle,2015-06-11T04:00:00.000Z,0,Major Arterial,Dry, ,Yes,Yes, ,Yes,Yes, , 
-79.24737900000001,43.735163,Scarborough,2015, ,2015-05-13T04:00:00.000Z,22,Major Arterial,Dry, , , ,Yes, ,Yes, , 
-79.370799,43.657740000000004,Toronto and East York,2015, ,2015-02-18T05:00:00.000Z,1,Minor Arterial,Wet, , ,Yes,Yes, ,Yes, , 
-79.263774,43.801421000000005,Scarborough,2015, ,2015-11-24T05:00:00.000Z,6,Major Arterial,Wet,Yes, ,Yes,Yes, ,Yes, , 
-79.15599399999999,43.792666,Scarborough,2015,Motorcycle,2015-07-26T04:00:00.000Z,13,Minor Arterial,Dry, , ,Yes, , ,Yes,Yes, 
-79.36584,43.671626,Toronto and East York,2015,Motorcycle,2015-05-07T04:00:00.000Z,1,Minor Arterial,Dry, , ,Yes, , , ,Yes, 
-79.343501,43.692526,Toronto and East York,2015, ,2015-03-20T04:00:00.000Z,0,Local,Dry, , , ,Yes, ,Yes, , 
-79.429813,43.719248,North York,2015, ,2015-12-02T05:00:00.000Z,14,Major Arterial,Dry, , ,Yes,Yes, ,Yes, , 
-79.326206,43.664164,Toronto and East York,2015,Motorcycle,2015-09-18T04:00:00.000Z,6,Minor Arterial,Dry, , , , , , ,Yes, 
-79.29131600000001,43.765433,Scarborough,2015, ,2015-01-28T05:00:00.000Z,6,Major Arterial,Dry, , , ,Yes, ,Yes, , 
-79.235263,43.757712,Scarborough,2015, ,2015-08-16T04:00:00.000Z,0,Major Arterial,Dry,Yes,Yes,Yes, , ,Yes, , 
-79.50344399999999,43.701564000000005,Etobicoke York,2015, ,2015-12-15T05:00:00.000Z,11,Major Arterial,Dry, , , , , ,Yes, , 
-79.20087,43.805159,Scarborough,2015,"Automobile, Station Wagon",2015-10-06T04:00:00.000Z,6,Major Arterial,Dry, , , , , ,Yes, , 
-79.34238,43.664443,Toronto and East York,2015, ,2015-04-20T04:00:00.000Z,14,Minor Arterial,Dry, , ,Yes,Yes, ,Yes, , 
-79.45302099999999,43.790801,North York,2015, ,2015-08-24T04:00:00.000Z,13,Major Arterial,Dry, , , ,Yes, ,Yes, , 
-79.412891,43.769263,North York,2015, ,2015-06-11T04:00:00.000Z,13,Major Arterial,Dry, , , ,Yes, ,Yes, , 
-79.45055699999999,43.639189,Toronto and East York,2015, ,2015-09-24T04:00:00.000Z,6,Major Arterial,Dry, , , ,Yes, ,Yes, , 
-79.50246700000001,43.622645,Etobicoke York,2015,"Automobile, Station Wagon",2015-06-13T04:00:00.000Z,3,Expressway,Wet, , ,Yes, , ,Yes, , 
-79.39986,43.652541,Toronto and East York,2014, ,2014-04-23T04:00:00.000Z,17,Major Arterial,Dry, , , ,Yes, ,Yes, , 
-79.272052,43.742171,Scarborough,2014,"Automobile, Station Wagon",2014-12-07T05:00:00.000Z,9,Major Arterial,Dry, , , , , ,Yes, , 
-79.436572,43.637053,Toronto and East York,2014, ,2014-10-09T04:00:00.000Z,17,Major Arterial,Dry, , , ,Yes, , , ,Yes
-79.409702,43.781046999999994,North York,2014,"Automobile, Station Wagon",2014-07-28T04:00:00.000Z,12,Major Arterial,Dry, , ,Yes, , ,Yes, , 
-79.217136,43.779742,Scarborough,2014,"Automobile, Station Wagon",2014-11-24T05:00:00.000Z,18,Major Arterial,Dry,Yes,Yes,Yes, , ,Yes, , 
-79.22759599999999,43.816252,Scarborough,2014, ,2014-12-19T05:00:00.000Z,17,Minor Arterial,Dry, , ,Yes,Yes, , , , 
-79.31548599999999,43.777014,Scarborough,2014, ,2014-12-28T05:00:00.000Z,18,Major Arterial,Dry, , , ,Yes, , , ,Yes
-79.36225400000001,43.656085,Toronto and East York,2014, ,2014-08-18T04:00:00.000Z,1,Major Arterial,Dry, , , ,Yes, ,Yes, , 
-79.21767,43.798106,Scarborough,2014,Bicycle,2014-08-01T04:00:00.000Z,17,Major Arterial,Dry, , ,Yes, ,Yes,Yes, , 
-79.44666600000001,43.788577000000004,North York,2014, ,2014-12-18T05:00:00.000Z,8,Major Arterial,Dry, , , ,Yes, ,Yes, , 
-79.331226,43.775088000000004,North York,2014,Passenger Van,2014-01-26T05:00:00.000Z,13,Major Arterial,Loose Snow, , , , , ,Yes, , 
-79.574641,43.728128999999996,Etobicoke York,2014, ,2014-11-09T05:00:00.000Z,5,Major Arterial,Dry,Yes, ,Yes, , ,Yes, , 
-79.51343100000001,43.758047999999995,Etobicoke York,2014, ,2014-11-21T05:00:00.000Z,6,Major Arterial,Dry, , , ,Yes, ,Yes, , 
-79.58712299999999,43.699228999999995,Etobicoke York,2014,"Automobile, Station Wagon",2014-05-21T04:00:00.000Z,6,Major Arterial,Dry, , , , , ,Yes, , 
-79.396793,43.687525,Toronto and East York,2014, ,2014-09-18T04:00:00.000Z,20,Major Arterial,Dry, , , ,Yes, , , , 
-79.379863,43.655387,Toronto and East York,2014, ,2014-09-10T04:00:00.000Z,6,Laneway,Dry, , , ,Yes, , , ,Yes
-79.303104,43.725833,Scarborough,2014, ,2014-10-16T04:00:00.000Z,19,Major Arterial,Wet, , , ,Yes, ,Yes, , 
-79.337749,43.77582,North York,2014, ,2014-12-12T05:00:00.000Z,13,Expressway,Wet,Yes, ,Yes, , ,Yes, , 
-79.452602,43.656863,Toronto and East York,2014, ,2014-07-10T04:00:00.000Z,19,Minor Arterial,Dry, , , ,Yes, ,Yes, , 
-79.258769,43.736033,Scarborough,2014, ,2014-11-06T05:00:00.000Z,12,Major Arterial,Dry, , , ,Yes, ,Yes, , 
-79.357845,43.675115999999996,Toronto and East York,2014,Motorcycle,2014-06-16T04:00:00.000Z,8,Minor Arterial,Wet, , , , , , ,Yes, 
-79.397456,43.763236,North York,2014, ,2014-06-03T04:00:00.000Z,12,Local,Dry, , , ,Yes, ,Yes, , 
-79.328006,43.694125,Scarborough,2014, ,2014-12-12T05:00:00.000Z,18,Minor Arterial,Dry, , , ,Yes, ,Yes, , 
-79.509113,43.65729,Etobicoke York,2014,"Automobile, Station Wagon",2014-03-06T05:00:00.000Z,7,Collector,Slush, , , , , ,Yes, , 
-79.35948499999999,43.809378,North York,2014, ,2014-11-07T05:00:00.000Z,12,Major Arterial,Dry, , , ,Yes, ,Yes, , 
-79.45298299999999,43.658259,Scarborough,2014, ,2014-11-20T05:00:00.000Z,12,Minor Arterial,Dry, , ,Yes,Yes, ,Yes, , 
-79.434711,43.63745,Toronto and East York,2014, ,2014-09-22T04:00:00.000Z,20,Major Arterial,Dry, , ,Yes,Yes, ,Yes, , 
-79.211902,43.777968,Scarborough,2014,"Automobile, Station Wagon",2014-11-04T05:00:00.000Z,8,Minor Arterial,Dry, , ,Yes, , ,Yes, , 
-79.285129,43.711141999999995,Scarborough,2014, ,2014-02-12T05:00:00.000Z,20,Major Arterial,Ice, , ,Yes,Yes, ,Yes, , 
-79.267062,43.708708,Scarborough,2014, ,2014-02-12T05:00:00.000Z,1,Minor Arterial,Dry, , , ,Yes, ,Yes, , 
-79.296924,43.702246,North York,2014, ,2014-08-17T04:00:00.000Z,23,Minor Arterial,Dry, , ,Yes,Yes, ,Yes, , 
-79.443202,43.716307,North York,2014, ,2014-10-11T04:00:00.000Z,10,Expressway,Dry, , , ,Yes, , , , 
-79.368121,43.704775,North York,2014, ,2014-07-16T04:00:00.000Z,16,Collector,Dry, , ,Yes,Yes, ,Yes, , 
-79.58357600000001,43.660464000000005,Etobicoke York,2014,Motorcycle,2014-05-08T04:00:00.000Z,21,Minor Arterial,Dry, , ,Yes, , ,Yes,Yes, 
-79.617862,43.73503,Etobicoke York,2014, ,2014-07-28T04:00:00.000Z,5,Major Arterial,Wet, , , ,Yes, , , , 
-79.302089,43.723372,Scarborough,2014, ,2014-08-20T04:00:00.000Z,16,Major Arterial,Dry, , ,Yes,Yes, ,Yes, , 
-79.349437,43.697508,Toronto and East York,2014,"Automobile, Station Wagon",2014-11-24T05:00:00.000Z,3,Major Arterial,Wet, ,Yes,Yes, , ,Yes, , 
-79.468509,43.672331,Etobicoke York,2014, ,2014-09-30T04:00:00.000Z,16,Major Arterial,Dry, , , ,Yes, , , , 
-79.330722,43.804114,Scarborough,2014, ,2014-07-08T04:00:00.000Z,10,Minor Arterial,Dry,Yes, ,Yes, , ,Yes, , 
-79.350871,43.75495,North York,2014,"Automobile, Station Wagon",2014-02-26T05:00:00.000Z,16,Major Arterial,Dry, , ,Yes, , ,Yes, , 
-79.302089,43.723372,Scarborough,2014,Bicycle,2014-10-28T04:00:00.000Z,15,Major Arterial,Dry, , , , ,Yes,Yes, , 
-79.447673,43.69625, ,2014, ,2014-01-19T05:00:00.000Z,21,Major Arterial,Wet, , , ,Yes, ,Yes, , 
-79.290637,43.735335,Scarborough,2014,Bicycle,2014-10-09T04:00:00.000Z,14,Major Arterial,Dry,Yes, ,Yes, ,Yes,Yes, , 
-79.219852,43.742971999999995,Scarborough,2014, ,2014-09-01T04:00:00.000Z,1,Major Arterial,Dry, , , , , , , , 
-79.289455,43.78575,Scarborough,2014, ,2014-08-16T04:00:00.000Z,5,Major Arterial,Dry, , ,Yes,Yes, ,Yes, , 
-79.476505,43.670558,Etobicoke York,2014, ,2014-08-30T04:00:00.000Z,4,Major Arterial,Dry, , , ,Yes, ,Yes, , 
-79.41668299999999,43.784380999999996,North York,2014, ,2014-08-07T04:00:00.000Z,16,Major Arterial,Dry,Yes, ,Yes,Yes, ,Yes, , 
-79.412013,43.655574,Toronto and East York,2014, ,2014-11-27T05:00:00.000Z,14,Major Arterial,Dry, , , , , ,Yes, , 
-79.45193,43.675994,Toronto and East York,2014, ,2014-08-07T04:00:00.000Z,22,Major Arterial,Dry, , , ,Yes, , , , 
-79.55511,43.725997,Etobicoke York,2014,Motorcycle,2014-10-01T04:00:00.000Z,16,Local,Wet, , ,Yes, , , ,Yes, 
-79.401134,43.652262,Toronto and East York,2014, ,2014-05-10T04:00:00.000Z,2,Major Arterial,Dry, , , ,Yes, ,Yes, , 
-79.283893,43.773146000000004,Scarborough,2013,Bicycle,2013-04-13T04:00:00.000Z,18,Expressway,Dry,Yes,Yes,Yes, ,Yes,Yes, , 
-79.415706,43.795355,North York,2013, ,2013-12-04T05:00:00.000Z,18,Local,Dry, , , ,Yes, ,Yes, , 
-79.56721800000001,43.634440000000005,Etobicoke York,2013,"Automobile, Station Wagon",2013-11-30T05:00:00.000Z,15,Major Arterial,Other, , , , , ,Yes, , 
-79.397853,43.652507,Toronto and East York,2013,Bicycle,2013-10-16T04:00:00.000Z,7,Major Arterial,Wet, , , , ,Yes, , ,Yes
-79.166332,43.772868,Scarborough,2013, ,2013-11-08T05:00:00.000Z,7,Minor Arterial,Dry, , ,Yes,Yes, ,Yes, , 
-79.44248499999999,43.639426,Toronto and East York,2013, ,2013-08-23T04:00:00.000Z,18,Major Arterial,Dry, , , ,Yes, ,Yes, , 
-79.606792,43.730746,Etobicoke York,2013, ,2013-08-27T04:00:00.000Z,15,Minor Arterial,Dry, , ,Yes,Yes, ,Yes, , 
-79.25159000000001,43.703646,Scarborough,2013, ,2013-03-07T05:00:00.000Z,15,Collector,Wet, , ,Yes,Yes, , , ,Yes
-79.244487,43.748545,Scarborough,2013,Motorcycle,2013-08-30T04:00:00.000Z,15,Major Arterial,Dry, , ,Yes, , ,Yes,Yes,Yes
-79.532726,43.696154,Etobicoke York,2013,"Automobile, Station Wagon",2013-08-19T04:00:00.000Z,7,Minor Arterial,Dry,Yes, ,Yes, , ,Yes, , 
-79.301288,43.721343,Scarborough,2013, ,2013-03-05T05:00:00.000Z,21,Major Arterial,Wet, , ,Yes,Yes, ,Yes, , 
-79.397586,43.651843,Toronto and East York,2013, ,2013-06-06T04:00:00.000Z,23,Major Arterial,Wet, , , ,Yes, ,Yes, , 
-79.280292,43.684645,Scarborough,2013, ,2013-07-18T04:00:00.000Z,18,Collector,Dry, , , ,Yes, ,Yes, , 
-79.30168499999999,43.722369,Scarborough,2013, ,2013-12-24T05:00:00.000Z,15,Major Arterial,Dry, , , ,Yes, ,Yes, , 
-79.455066,43.771440999999996,North York,2013, ,2013-10-05T04:00:00.000Z,19,Major Arterial,Dry, , , ,Yes, ,Yes, , 
-79.396922,43.687509999999996,Toronto and East York,2013, ,2013-11-15T05:00:00.000Z,14,Major Arterial,Dry, , , ,Yes, ,Yes, , 
-79.172488,43.782145,Scarborough,2013, ,2013-07-11T04:00:00.000Z,22,Minor Arterial,Dry, , ,Yes,Yes, ,Yes, , 
-79.423999,43.640547,Toronto and East York,2013,"Automobile, Station Wagon",2013-06-16T04:00:00.000Z,6,Local,Wet, , , , , ,Yes, , 
-79.417888,43.727843,North York,2013, ,2013-04-16T04:00:00.000Z,14,Major Arterial,Dry, , , ,Yes, , , ,Yes
-79.382388,43.659644,Toronto and East York,2013,Motorcycle,2013-05-04T04:00:00.000Z,14,Major Arterial,Dry, , , ,Yes, , ,Yes, 
-79.245387,43.755545,Scarborough,2013, ,2013-07-05T04:00:00.000Z,22,Major Arterial,Dry, , , ,Yes, ,Yes, , 
-79.424747,43.796965,North York,2013, ,2013-11-24T05:00:00.000Z,15,Major Arterial,Dry, , ,Yes,Yes, ,Yes, , 
-79.60306899999999,43.734159999999996,Etobicoke York,2013,Other,2013-07-25T04:00:00.000Z,13,Major Arterial,Dry, , ,Yes,Yes, ,Yes, , 
-79.342792,43.667643,Toronto and East York,2013, ,2013-10-01T04:00:00.000Z,10,Minor Arterial,Dry, , ,Yes,Yes, , , ,Yes
-79.377811,43.642996000000004,Toronto and East York,2013, ,2013-07-03T04:00:00.000Z,13,Expressway,Dry, , ,Yes,Yes, ,Yes, , 
-79.619815,43.754172,Etobicoke York,2013,Motorcycle,2013-09-25T04:00:00.000Z,18,Major Arterial,Dry, , ,Yes, , ,Yes,Yes, 
-79.52879,43.626245000000004,Etobicoke York,2013,Motorcycle,2013-07-22T04:00:00.000Z,15,Major Arterial,Dry, , ,Yes, , ,Yes,Yes, 
-79.215091,43.818743,Scarborough,2013,"Automobile, Station Wagon",2013-01-10T05:00:00.000Z,18,Minor Arterial,Dry,Yes, ,Yes, , ,Yes, , 
-79.49959100000001,43.753844,Etobicoke York,2013, ,2013-09-03T04:00:00.000Z,8,Collector,Dry, , ,Yes,Yes, , , ,Yes
-79.40669,43.780545000000004,North York,2013,Motorcycle,2013-08-15T04:00:00.000Z,22,Minor Arterial,Dry, , ,Yes, , ,Yes,Yes, 
-79.280689,43.729346,Scarborough,2013, ,2013-01-23T05:00:00.000Z,15,Major Arterial,Dry,Yes, ,Yes,Yes, , , , 
-79.267993,43.832644,Scarborough,2013, ,2013-08-13T04:00:00.000Z,11,Major Arterial,Dry, , ,Yes,Yes, , , ,Yes
-79.467212,43.751868,North York,2013,Bicycle,2013-11-20T05:00:00.000Z,9,Major Arterial,Dry,Yes, ,Yes, ,Yes,Yes, , 
-79.325069,43.705802,Toronto and East York,2013,Other,2013-11-03T04:00:00.000Z,16,Collector,Dry, , , ,Yes, ,Yes, , 
-79.263789,43.801444000000004,Scarborough,2013, ,2013-07-08T04:00:00.000Z,17,Major Arterial,Wet, , , ,Yes, , , , 
-79.347888,43.774943,North York,2013, ,2013-07-28T04:00:00.000Z,0,Major Arterial,Wet, , , ,Yes, ,Yes, , 
-79.411594,43.651168,Toronto and East York,2013, ,2013-12-05T05:00:00.000Z,17,Major Arterial,Dry, , , ,Yes, ,Yes, , 
-79.497989,43.602343,Etobicoke York,2013,Bicycle,2013-09-18T04:00:00.000Z,16,Major Arterial,Dry, , , , ,Yes,Yes, , 
-79.34849100000001,43.650244,Toronto and East York,2013, ,2013-03-29T04:00:00.000Z,17,Expressway,Dry, , ,Yes, , ,Yes, , 
-79.351352,43.662455,Toronto and East York,2013, ,2013-09-26T04:00:00.000Z,10,Major Arterial,Dry, , ,Yes,Yes, ,Yes, , 
-79.270191,43.711943,Scarborough,2013, ,2013-02-02T05:00:00.000Z,10,Minor Arterial,Wet, , ,Yes,Yes, ,Yes, , 
-79.360187,43.670146,Toronto and East York,2013,Motorcycle,2013-09-07T04:00:00.000Z,2,Major Arterial,Dry, , ,Yes, , , ,Yes, 
-79.267787,43.731745000000004,Scarborough,2013, ,2013-10-20T04:00:00.000Z,0,Major Arterial,Dry, ,Yes, ,Yes, ,Yes, , 
-79.390689,43.679843,Toronto and East York,2013, ,2013-01-15T05:00:00.000Z,14,Major Arterial,Dry, , , ,Yes, ,Yes, , 
-79.284488,43.792746,Scarborough,2013,Motorcycle,2013-07-03T04:00:00.000Z,21,Collector,Dry, , ,Yes, , ,Yes,Yes, 
-79.570766,43.633544,Etobicoke York,2013, ,2013-12-03T05:00:00.000Z,21,Major Arterial,Dry, , ,Yes,Yes, ,Yes, , 
-79.40209499999999,43.663043,Toronto and East York,2013, ,2013-11-07T05:00:00.000Z,11,Major Arterial,Dry, , ,Yes,Yes, , , , 
-79.518886,43.762446000000004,Etobicoke York,2013, ,2013-04-12T04:00:00.000Z,20,Major Arterial,Wet, , ,Yes,Yes, ,Yes, , 
-79.43909000000001,43.634444,Toronto and East York,2013, ,2013-08-03T04:00:00.000Z,20,Expressway,Dry, , , , , , , ,Yes
-79.48479,43.680644,Etobicoke York,2013, ,2013-07-29T04:00:00.000Z,16,Local,Dry, , , ,Yes, ,Yes, , 
-79.445163,43.792533,North York,2013, ,2013-09-16T04:00:00.000Z,1,Major Arterial,Wet, , , ,Yes, ,Yes, , 
-79.40588699999999,43.740344,North York,2013, ,2013-05-16T04:00:00.000Z,12,Major Arterial,Dry,Yes, ,Yes,Yes, ,Yes, , 
-79.447742,43.637614,Toronto and East York,2013,"Automobile, Station Wagon",2013-11-29T05:00:00.000Z,5,Major Arterial,Dry, , ,Yes, , ,Yes, , 
-79.312587,43.667243,Toronto and East York,2013, ,2013-05-12T04:00:00.000Z,1,Major Arterial,Wet, , , ,Yes, , , , 
-79.244701,43.737418,Scarborough,2013, ,2013-11-24T05:00:00.000Z,10,Major Arterial,Dry, , ,Yes, , ,Yes, , 
-79.42775300000001,43.700518,Toronto and East York,2013, ,2013-10-30T04:00:00.000Z,10,Major Arterial,Dry, , ,Yes,Yes, ,Yes, , 
-79.433688,43.649745,Toronto and East York,2013, ,2013-02-06T05:00:00.000Z,10,Minor Arterial,Dry, , , ,Yes, , , ,Yes
-79.303623,43.824481,Scarborough,2013, ,2013-10-08T04:00:00.000Z,21,Major Arterial,Dry, , , ,Yes, ,Yes, , 
-79.57728900000001,43.763743,Etobicoke York,2013,"Automobile, Station Wagon",2013-08-03T04:00:00.000Z,3,Major Arterial,Dry, ,Yes,Yes, , ,Yes, , 
-79.43804499999999,43.634032,Toronto and East York,2013, ,2013-09-30T04:00:00.000Z,8,Expressway,Dry, , , , , ,Yes, , 
-79.411693,43.712046,North York,2013,"Automobile, Station Wagon",2013-04-16T04:00:00.000Z,9,Major Arterial,Dry, , , , , ,Yes, , 
-79.240093,43.788844,Scarborough,2013, ,2013-09-05T04:00:00.000Z,18,Minor Arterial,Dry, , ,Yes,Yes, , , ,Yes
-79.25768599999999,43.809844,Scarborough,2013, ,2013-08-18T04:00:00.000Z,10,Major Arterial,Dry, , , ,Yes, ,Yes, , 
-79.50099,43.691545,Etobicoke York,2012,Other,2012-03-21T04:00:00.000Z,22,Major Arterial,Dry, , , ,Yes, ,Yes, , 
-79.35519000000001,43.790045,North York,2012,"Automobile, Station Wagon",2012-01-20T05:00:00.000Z,22,Collector,Packed Snow, , , , , ,Yes, , 
-79.24899,43.736445,Scarborough,2012,Other,2012-07-13T04:00:00.000Z,21,Major Arterial,Dry, , , ,Yes, ,Yes, , 
-79.37889,43.779645,North York,2012,Other,2012-01-12T05:00:00.000Z,21,Local,Wet, , , ,Yes, ,Yes, , 
-79.40049,43.704245,Toronto and East York,2012,Other,2012-05-11T04:00:00.000Z,12,Collector,Dry, , , ,Yes, ,Yes, , 
-79.189586,43.767646,Scarborough,2012,Bicycle,2012-07-27T04:00:00.000Z,21,Major Arterial,Dry, , , , ,Yes,Yes, , 
-79.19909,43.800245000000004,Scarborough,2012,Other,2012-04-21T04:00:00.000Z,20,Expressway,Dry, , , ,Yes, ,Yes, , 
-79.19929,43.800745,Scarborough,2012,"Automobile, Station Wagon",2012-04-19T04:00:00.000Z,12,Major Arterial,Dry, , , , , ,Yes, , 
-79.26859,43.733845,Scarborough,2012,Other,2012-12-20T05:00:00.000Z,20,Major Arterial,Wet, , , ,Yes, ,Yes, , 
-79.27089000000001,43.780945,Scarborough,2012,"Automobile, Station Wagon",2012-08-25T04:00:00.000Z,23,Local,Dry, , ,Yes, , ,Yes, , 
-79.41829200000001,43.742343,North York,2012,Other,2012-05-27T04:00:00.000Z,12,Local,Dry, , , ,Yes, ,Yes, , 
-79.59679,43.720045,Etobicoke York,2012,Other,2012-07-28T04:00:00.000Z,12,Major Arterial,Dry, , , ,Yes, ,Yes, , 
-79.17369000000001,43.776445,Scarborough,2012,Other,2012-12-18T05:00:00.000Z,21,Major Arterial,Dry, , , ,Yes, ,Yes, , 
-79.22759,43.816245,Scarborough,2012,Other,2012-01-12T05:00:00.000Z,5,Minor Arterial,Wet, , ,Yes,Yes, ,Yes, , 
-79.41439,43.728645,North York,2012,Other,2012-12-03T05:00:00.000Z,15,Collector,Dry, , ,Yes,Yes, ,Yes, , 
-79.39359,43.716945,North York,2012,Other,2012-04-03T04:00:00.000Z,2,Major Arterial,Dry, ,Yes,Yes, , ,Yes, , 
-79.28999,43.809645,Scarborough,2012,Other,2012-11-27T05:00:00.000Z,17,Major Arterial,Dry, , , ,Yes, ,Yes, , 
-79.39819,43.646245,Toronto and East York,2012,Other,2012-06-14T04:00:00.000Z,7,Major Arterial,Dry, , , ,Yes, ,Yes, , 
-79.489391,43.676943,Etobicoke York,2012,Motorcycle,2012-08-23T04:00:00.000Z,16,Collector,Dry,Yes, ,Yes, , ,Yes,Yes, 
-79.21259,43.790545,Scarborough,2012,"Automobile, Station Wagon",2012-07-30T04:00:00.000Z,16,Minor Arterial,Dry, , , , , ,Yes, , 
-79.29219,43.782345,Scarborough,2012,Other,2012-12-20T05:00:00.000Z,7,Major Arterial,Dry, , , ,Yes, ,Yes, , 
-79.31689,43.821345,Scarborough,2012,Other,2012-05-07T04:00:00.000Z,8,Major Arterial,Dry, , , ,Yes, ,Yes, , 
-79.37259,43.663245,Toronto and East York,2012,Other,2012-08-25T04:00:00.000Z,8,Minor Arterial,Dry, , , ,Yes, ,Yes, , 
-79.34499,43.736845,North York,2012,Motorcycle,2012-06-08T04:00:00.000Z,15,Major Arterial,Dry, , ,Yes, , ,Yes,Yes, 
-79.49319,43.670245,Etobicoke York,2012,Motorcycle,2012-10-05T04:00:00.000Z,14,Major Arterial,Dry, , , , , ,Yes,Yes, 
-79.44449,43.710745,North York,2012,Motorcycle,2012-09-11T04:00:00.000Z,8,Minor Arterial,Dry, , ,Yes, , ,Yes,Yes, 
-79.35589,43.665145,Toronto and East York,2012,Motorcycle,2012-04-20T04:00:00.000Z,14,Expressway,Dry, , ,Yes, , , ,Yes, 
-79.38629,43.650045,Toronto and East York,2012,Bicycle,2012-11-07T05:00:00.000Z,14,Major Arterial,Dry, , , , ,Yes,Yes, , 
-79.54669,43.697045,Etobicoke York,2012,Other,2012-01-26T05:00:00.000Z,9,Major Arterial,Wet, , ,Yes, , ,Yes, , 
-79.574893,43.764346,Etobicoke York,2012,"Automobile, Station Wagon",2012-01-30T05:00:00.000Z,14,Major Arterial,Dry, , , , , ,Yes, , 
-79.54649,43.770245,Etobicoke York,2012,Other,2012-05-15T04:00:00.000Z,14,Major Arterial,Dry, , ,Yes,Yes, , , ,Yes
-79.40369,43.647745,Toronto and East York,2012,Other,2012-07-09T04:00:00.000Z,9,Local,Dry, , , , , ,Yes, , 
-79.51239,43.758245,Etobicoke York,2012,Other,2012-04-02T04:00:00.000Z,5,Major Arterial,Dry, , , ,Yes, ,Yes, , 
-79.41639,43.779545,North York,2012,Other,2012-08-21T04:00:00.000Z,9,Major Arterial,Dry, , , ,Yes, ,Yes, , 
-79.314189,43.807944,Scarborough,2012,Other,2012-10-21T04:00:00.000Z,3,Minor Arterial,Dry, ,Yes,Yes, , ,Yes, , 
-79.39149,43.782045000000004,North York,2012,Other,2012-09-10T04:00:00.000Z,9,Major Arterial,Dry, , ,Yes,Yes, ,Yes, , 
-79.325488,43.714343,North York,2012,"Automobile, Station Wagon",2012-10-20T04:00:00.000Z,5,Expressway,Wet, , , , , ,Yes, , 
-79.429286,43.632643,Toronto and East York,2012,Other,2012-02-06T05:00:00.000Z,2,Expressway,Other, , , ,Yes, ,Yes, ,Yes
-79.46769,43.681845,Toronto and East York,2012,"Automobile, Station Wagon",2012-10-14T04:00:00.000Z,4,Minor Arterial,Wet, , ,Yes, , ,Yes, , 
-79.448291,43.671546,Toronto and East York,2012,Bicycle,2012-11-23T05:00:00.000Z,6,Minor Arterial,Dry,Yes, ,Yes, ,Yes,Yes, , 
-79.45669000000001,43.751645,North York,2012,Other,2012-07-08T04:00:00.000Z,18,Major Arterial,Dry, , ,Yes,Yes, ,Yes, , 
-79.58959,43.695545,Etobicoke York,2012,Other,2012-09-22T04:00:00.000Z,18,Collector,Dry, , , ,Yes, ,Yes, , 
-79.470248,43.634787,Toronto and East York,2012,Motorcycle,2012-09-14T04:00:00.000Z,1,Expressway,Dry, , , , , ,Yes,Yes, 
-79.45329,43.714145,North York,2012,Other,2012-11-01T04:00:00.000Z,6,Major Arterial,Wet, , ,Yes,Yes, ,Yes, , 
-79.36239,43.682345,Toronto and East York,2011,"Automobile, Station Wagon",2011-11-10T05:00:00.000Z,11,Expressway,Dry, , ,Yes, , ,Yes, , 
-79.57079,43.691545,Etobicoke York,2011,Other,2011-09-23T04:00:00.000Z,19,Major Arterial,Wet, , , ,Yes, ,Yes, , 
-79.31929000000001,43.741145,North York,2011,"Automobile, Station Wagon",2011-12-23T05:00:00.000Z,5,Major Arterial,Wet, , ,Yes, , ,Yes, , 
-79.44279,43.735545,North York,2011,Other,2011-10-18T04:00:00.000Z,5,Major Arterial,Other, , , ,Yes, ,Yes, , 
-79.52009,43.667145,Etobicoke York,2011,"Automobile, Station Wagon",2011-08-22T04:00:00.000Z,5,Minor Arterial,Dry, , , , , ,Yes, , 
-79.56239000000001,43.627345,Etobicoke York,2011,Other,2011-02-10T05:00:00.000Z,8,Major Arterial,Dry, , ,Yes,Yes, ,Yes, , 
-79.53269,43.696145,Etobicoke York,2011,Other,2011-07-16T04:00:00.000Z,12,Minor Arterial,Dry, , , , , ,Yes, , 
-79.30729000000001,43.742645,Scarborough,2011,Other,2011-12-02T05:00:00.000Z,18,Major Arterial,Dry, , , ,Yes, ,Yes, , 
-79.35619,43.649045,Toronto and East York,2011,Motorcycle,2011-04-30T04:00:00.000Z,18,Expressway,Dry, , ,Yes, , ,Yes,Yes, 
-79.33849000000001,43.693845,Toronto and East York,2011,Bicycle,2011-08-05T04:00:00.000Z,9,Collector,Dry, , ,Yes, ,Yes,Yes, , 
-79.50639,43.600445,Etobicoke York,2011,Other,2011-08-02T04:00:00.000Z,12,Major Arterial,Dry, , ,Yes,Yes, ,Yes, , 
-79.43739000000001,43.652745,Toronto and East York,2011,"Automobile, Station Wagon",2011-08-16T04:00:00.000Z,6,Laneway,Dry, , , , , ,Yes, , 
-79.41779,43.788945,North York,2011,Other,2011-06-17T04:00:00.000Z,14,Major Arterial,Dry, , ,Yes,Yes, ,Yes, , 
-79.39499,43.645445,Toronto and East York,2011,Other,2011-10-21T04:00:00.000Z,6,Major Arterial,Dry, , , ,Yes, , , ,Yes
-79.21289,43.799145,Scarborough,2011,Other,2011-03-24T04:00:00.000Z,22,Major Arterial,Dry, , ,Yes,Yes, ,Yes, , 
-79.19949,43.765445,Scarborough,2011,"Automobile, Station Wagon",2011-07-24T04:00:00.000Z,13,Major Arterial,Dry, , ,Yes, , ,Yes, , 
-79.311565,43.786906,Scarborough,2011,Other,2011-07-01T04:00:00.000Z,22,Major Arterial,Dry, , , ,Yes, ,Yes, , 
-79.53989,43.698545,Etobicoke York,2011,Motorcycle,2011-08-07T04:00:00.000Z,11,Major Arterial,Dry, , ,Yes, , ,Yes,Yes, 
-79.40389,43.647245,Toronto and East York,2011,Other,2011-01-11T05:00:00.000Z,10,Major Arterial,Wet, , , ,Yes, , , , 
-79.32799,43.740245,North York,2011,Other,2011-08-30T04:00:00.000Z,14,Major Arterial,Dry, , ,Yes, , ,Yes, ,Yes
-79.54319,43.621845,Etobicoke York,2011,"Automobile, Station Wagon",2011-03-28T04:00:00.000Z,11,Minor Arterial,Dry, , , , , ,Yes, ,Yes
-79.44589,43.785945,North York,2011,Other,2011-06-11T04:00:00.000Z,13,Major Arterial,Dry, , , ,Yes, ,Yes, , 
-79.42669000000001,43.706645,North York,2011,Other,2011-01-25T05:00:00.000Z,20,Major Arterial,Wet, , ,Yes,Yes, ,Yes, , 
-79.44589,43.792345000000005,North York,2011,Other,2011-06-29T04:00:00.000Z,11,Major Arterial,Dry, , , ,Yes, ,Yes, , 
-79.42689,43.661745,Toronto and East York,2011,Other,2011-01-29T05:00:00.000Z,0,Major Arterial,Dry, , ,Yes,Yes, , , , 
-79.44299000000001,43.650645000000004,Toronto and East York,2011,Bicycle,2011-11-07T05:00:00.000Z,11,Minor Arterial,Dry, , , , ,Yes, , ,Yes
-79.44329,43.678645,Toronto and East York,2011,Other,2011-01-21T05:00:00.000Z,5,Major Arterial,Slush, , , ,Yes, , , , 
-79.52429000000001,43.621545000000005,Etobicoke York,2011,Other,2011-08-31T04:00:00.000Z,19,Major Arterial,Dry, , , , , , , , 
-79.50359,43.702145,Etobicoke York,2011,Other,2011-12-01T05:00:00.000Z,1,Major Arterial,Dry, , , ,Yes, ,Yes, , 
-79.519672,43.765898,Etobicoke York,2011,Other,2011-12-21T05:00:00.000Z,7,Major Arterial,Wet, , ,Yes,Yes, , , , 
-79.49739,43.707345000000004,Etobicoke York,2011,"Automobile, Station Wagon",2011-07-08T04:00:00.000Z,4,Major Arterial,Dry, , , , , ,Yes, , 
-79.62099,43.753945,Etobicoke York,2011,"Automobile, Station Wagon",2011-09-12T04:00:00.000Z,13,Major Arterial,Dry, , ,Yes, , ,Yes, , 
-79.44389,43.789345000000004,North York,2011,Other,2011-08-13T04:00:00.000Z,18,Local,Dry, , , ,Yes, ,Yes, , 
-79.28489,43.800545,Scarborough,2011,"Automobile, Station Wagon",2011-09-01T04:00:00.000Z,15,Major Arterial,Dry, , ,Yes, , ,Yes, , 
-79.29659000000001,43.801245,Scarborough,2011,"Automobile, Station Wagon",2011-10-10T04:00:00.000Z,5,Major Arterial,Dry, , , , , ,Yes, , 
-79.52599000000001,43.703245,Etobicoke York,2010,"Automobile, Station Wagon",2010-09-15T04:00:00.000Z,4,Minor Arterial,Dry, , ,Yes, , ,Yes, , 
-79.40669,43.744145,North York,2010,"Automobile, Station Wagon",2010-07-29T04:00:00.000Z,11,Major Arterial,Dry,Yes, ,Yes, , ,Yes, , 
-79.59279000000001,43.711345,Etobicoke York,2010,Other,2010-09-26T04:00:00.000Z,22,Major Arterial,Dry, ,Yes,Yes, , ,Yes, , 
-79.45899,43.637945,Toronto and East York,2010,Bicycle,2010-09-26T04:00:00.000Z,23,Major Arterial,Dry, , , , ,Yes,Yes, , 
-79.23759,43.769045,Scarborough,2010,"Automobile, Station Wagon",2010-12-05T05:00:00.000Z,4,Collector,Dry, , , , , ,Yes, , 
-79.54289,43.688645,Etobicoke York,2010,"Automobile, Station Wagon",2010-06-12T04:00:00.000Z,9,Major Arterial,Dry,Yes, ,Yes, , ,Yes, , 
-79.24839,43.763845,Scarborough,2010,"Automobile, Station Wagon",2010-12-18T05:00:00.000Z,22,Major Arterial,Dry, , , , , ,Yes, , 
-79.25989,43.716845,Scarborough,2010,Other,2010-12-11T05:00:00.000Z,19,Major Arterial,Dry, , , ,Yes, , , , 
-79.36319,43.652745,Toronto and East York,2010,"Automobile, Station Wagon",2010-01-10T05:00:00.000Z,3,Major Arterial,Dry, , ,Yes, , ,Yes, , 
-79.34989,43.648545,Toronto and East York,2010,"Automobile, Station Wagon",2010-02-28T05:00:00.000Z,23,Local,Dry, , ,Yes, , ,Yes, , 
-79.44189,43.650445,Toronto and East York,2010,Other,2010-05-13T04:00:00.000Z,11,Minor Arterial,Dry, , , ,Yes, ,Yes, , 
-79.35879,43.672745,Toronto and East York,2010,Truck - Open,2010-03-12T05:00:00.000Z,5,Expressway,Dry, , ,Yes, , , , ,Yes
-79.30459,43.743245,Scarborough,2010,"Automobile, Station Wagon",2010-02-15T05:00:00.000Z,0,Major Arterial,Dry, , , , , ,Yes, , 
-79.31689,43.821345,Scarborough,2010,Other,2010-04-13T04:00:00.000Z,5,Major Arterial,Dry,Yes, ,Yes, , ,Yes, , 
-79.39729,43.650945,Toronto and East York,2010,Other,2010-09-14T04:00:00.000Z,10,Major Arterial,Dry, , , ,Yes, , , , 
-79.40909,43.765745,North York,2010,Other,2010-10-07T04:00:00.000Z,20,Minor Arterial,Dry, , ,Yes,Yes, ,Yes, , 
-79.23929,43.719145000000005,Scarborough,2010,"Automobile, Station Wagon",2010-12-14T05:00:00.000Z,2,Major Arterial,Packed Snow, , , , , ,Yes, , 
-79.53139,43.604745,Etobicoke York,2010,Other,2010-03-02T05:00:00.000Z,16,Minor Arterial,Dry, , , ,Yes, , , ,Yes
-79.51989,43.756945,Etobicoke York,2010,Other,2010-01-08T05:00:00.000Z,18,Major Arterial,Dry, , , ,Yes, ,Yes, , 
-79.29999000000001,43.825345,Scarborough,2010,Other,2010-12-28T05:00:00.000Z,17,Major Arterial,Wet, , , ,Yes, ,Yes, , 
-79.56349,43.704845,Etobicoke York,2010,"Automobile, Station Wagon",2010-07-13T04:00:00.000Z,20,Major Arterial,Dry,Yes, ,Yes, , ,Yes, ,Yes
-79.42839000000001,43.682945000000004,Toronto and East York,2010,Other,2010-11-26T05:00:00.000Z,17,Local,Dry, , ,Yes,Yes, ,Yes, , 
-79.44849,43.691345,Toronto and East York,2010,Other,2010-01-20T05:00:00.000Z,7,Major Arterial,Dry, , , ,Yes, ,Yes, , 
-79.43289,43.781245,North York,2010,Other,2010-07-31T04:00:00.000Z,7,Collector,Dry, ,Yes,Yes, , ,Yes, , 
-79.20709000000001,43.767545,Scarborough,2010,Motorcycle,2010-05-25T04:00:00.000Z,10,Minor Arterial,Dry, , , , , ,Yes,Yes, 
-79.49119,43.665745,Toronto and East York,2010,Other,2010-07-16T04:00:00.000Z,16,Major Arterial,Dry, , ,Yes, , ,Yes, , 
-79.49119,43.665745,Toronto and East York,2010,Other,2010-07-16T04:00:00.000Z,16,Major Arterial,Dry, , ,Yes, , ,Yes, , 
-79.38629,43.645845,Toronto and East York,2010,Other,2010-05-06T04:00:00.000Z,16,Minor Arterial,Dry, , ,Yes, , ,Yes, , 
-79.39219,43.638445000000004,Toronto and East York,2010,Bicycle,2010-11-19T05:00:00.000Z,7,Expressway,Dry, , , , ,Yes, , , 
-79.56319,43.674445,Etobicoke York,2010,Other,2010-01-12T05:00:00.000Z,12,Major Arterial,Dry,Yes, ,Yes,Yes, ,Yes, , 
-79.45179,43.653845000000004,Toronto and East York,2010,Other,2010-01-12T05:00:00.000Z,13,Minor Arterial,Dry, , , ,Yes, ,Yes, , 
-79.35139000000001,43.658545000000004,Toronto and East York,2010,Other,2010-01-24T05:00:00.000Z,0,Major Arterial,Dry, , , ,Yes, , , , 
-79.41469000000001,43.673945,Toronto and East York,2010,Other,2010-12-23T05:00:00.000Z,20,Major Arterial,Dry, , ,Yes,Yes, , , , 
-79.35889,43.676145,Toronto and East York,2010,Other,2010-01-22T05:00:00.000Z,11,Major Arterial,Dry, , ,Yes,Yes, , , ,Yes
-79.59529,43.759545,Etobicoke York,2010,"Automobile, Station Wagon",2010-03-09T05:00:00.000Z,15,Major Arterial,Dry, , , , , ,Yes, ,Yes
-79.45589,43.662445,Toronto and East York,2010,Other,2010-11-17T05:00:00.000Z,8,Minor Arterial,Wet, , , ,Yes, , , ,Yes
-79.45329,43.670745000000004,Toronto and East York,2010,Other,2010-01-25T05:00:00.000Z,18,Minor Arterial,Wet, , , ,Yes, ,Yes, , 
-79.389987,43.658744,Toronto and East York,2010,Other,2010-06-06T04:00:00.000Z,8,Major Arterial,Wet, , , ,Yes, , , , 
-79.22939000000001,43.756845,Scarborough,2010,Other,2010-07-18T04:00:00.000Z,1,Collector,Dry, , , , , ,Yes, , 
-79.28869,43.704645,Scarborough,2010,Other,2010-02-18T05:00:00.000Z,0,Minor Arterial,Wet, , ,Yes, , ,Yes, , 
-79.39019,43.708445000000005,Toronto and East York,2010,Other,2010-01-18T05:00:00.000Z,6,Major Arterial,Dry, , ,Yes,Yes, , , , 
-79.306186,43.664344,Toronto and East York,2010,Other,2010-08-20T04:00:00.000Z,22,Major Arterial,Dry, , , ,Yes, , , , 
-79.44309,43.677945,Toronto and East York,2010,Other,2010-06-03T04:00:00.000Z,1,Major Arterial,Wet, , , ,Yes, ,Yes, , 
-79.50859,43.720945,North York,2009,Other,2009-09-29T04:00:00.000Z,11,Major Arterial,Wet, , , ,Yes, , , ,Yes
-79.36929,43.672945,Toronto and East York,2009,Other,2009-12-17T05:00:00.000Z,19,Major Arterial,Dry, , , ,Yes, ,Yes, , 
-79.44649100000001,43.715644,North York,2009,Other,2009-08-27T04:00:00.000Z,9,Major Arterial,Dry, , ,Yes,Yes, ,Yes, , 
-79.54349,43.756345,Etobicoke York,2009,Other,2009-10-21T04:00:00.000Z,12,Major Arterial,Wet, , , ,Yes, , , ,Yes
-79.449046,43.646327,Toronto and East York,2009,Other,2009-04-20T04:00:00.000Z,13,Minor Arterial,Wet, , ,Yes,Yes, , , , 
-79.27699,43.702545,Scarborough,2009,Other,2009-11-24T05:00:00.000Z,6,Minor Arterial,Wet, , , ,Yes, ,Yes, , 
-79.44449,43.746845,North York,2009,Other,2009-12-24T05:00:00.000Z,6,Local,Dry, , , ,Yes, ,Yes, , 
-79.564769,43.766535,Etobicoke York,2009,Other,2009-03-11T04:00:00.000Z,6,Major Arterial,Wet, , , ,Yes, , , ,Yes
-79.42629000000001,43.796645,North York,2009,Other,2009-10-16T04:00:00.000Z,13,Major Arterial,Dry, , , ,Yes, ,Yes, , 
-79.28109,43.765745,Scarborough,2009,Other,2009-10-13T04:00:00.000Z,6,Major Arterial,Wet, , , , , ,Yes, , 
-79.22429,43.816945000000004,Scarborough,2009,Other,2009-10-23T04:00:00.000Z,7,Minor Arterial,Wet, , , ,Yes, ,Yes, , 
-79.31589,43.692745,Toronto and East York,2009,Other,2009-07-18T04:00:00.000Z,11,Major Arterial,Dry, , , ,Yes, ,Yes, , 
-79.39979,43.686945,Toronto and East York,2009,Other,2009-05-01T04:00:00.000Z,12,Major Arterial,Dry, , , , , ,Yes, , 
-79.45799,43.732245,North York,2009,"Automobile, Station Wagon",2009-12-15T05:00:00.000Z,1,Major Arterial,Wet, , , , , ,Yes, , 
-79.49449,43.781545,North York,2009,"Automobile, Station Wagon",2009-10-31T04:00:00.000Z,9,Major Arterial,Wet,Yes, ,Yes, , ,Yes, , 
-79.39919,43.655845,Toronto and East York,2009,Bicycle,2009-09-01T04:00:00.000Z,12,Major Arterial,Dry, , , , ,Yes, , , 
-79.34849100000001,43.666346000000004,Toronto and East York,2009,Other,2009-03-13T04:00:00.000Z,9,Minor Arterial,Other, , ,Yes,Yes, , , , 
-79.21779000000001,43.738145,Scarborough,2009,"Automobile, Station Wagon",2009-12-23T05:00:00.000Z,9,Major Arterial,Dry, , , , , ,Yes, , 
-79.44049,43.792445,North York,2009,Other,2009-11-17T05:00:00.000Z,8,Collector,Dry, , , ,Yes, ,Yes, , 
-79.50789,43.759245,Etobicoke York,2009,Other,2009-10-17T04:00:00.000Z,23,Major Arterial,Dry, ,Yes,Yes, , ,Yes, , 
-79.23769,43.768945,Scarborough,2009,Other,2009-02-13T05:00:00.000Z,1,Collector,Dry, ,Yes, , , ,Yes, , 
-79.45429,43.741845,North York,2009,"Automobile, Station Wagon",2009-03-07T05:00:00.000Z,4,Expressway,Wet, , , , , ,Yes, , 
-79.29229000000001,43.767645,Scarborough,2009,Other,2009-11-12T05:00:00.000Z,17,Major Arterial,Dry, , , ,Yes, ,Yes, , 
-79.38309,43.767745,North York,2009,Other,2009-01-06T05:00:00.000Z,13,Major Arterial,Dry, , ,Yes,Yes, ,Yes, , 
-79.57999000000001,43.738945,Etobicoke York,2009,Other,2009-09-15T04:00:00.000Z,14,Major Arterial,Dry, , , ,Yes, ,Yes, , 
-79.37689,43.672345,Toronto and East York,2009,Other,2009-10-02T04:00:00.000Z,14,Major Arterial,Wet, , , ,Yes, ,Yes, , 
-79.46439000000001,43.664945,Toronto and East York,2009,Other,2009-06-17T04:00:00.000Z,17,Major Arterial,Wet, , , ,Yes, , , ,Yes
-79.30449,43.760345,Scarborough,2009,"Automobile, Station Wagon",2009-09-19T04:00:00.000Z,14,Major Arterial,Dry, , ,Yes, , ,Yes, , 
-79.37829,43.666245,Toronto and East York,2009,Other,2009-04-03T04:00:00.000Z,14,Major Arterial,Wet, , , ,Yes, ,Yes, , 
-79.25879,43.736045000000004,Scarborough,2009,Other,2009-11-03T05:00:00.000Z,14,Major Arterial,Dry, , ,Yes,Yes, ,Yes, , 
-79.28029000000001,43.684645,Scarborough,2009,Other,2009-08-07T04:00:00.000Z,14,Collector,Dry, , , ,Yes, ,Yes, , 
-79.46319,43.674045,Toronto and East York,2009,Other,2009-04-17T04:00:00.000Z,10,Minor Arterial,Dry, , , ,Yes, ,Yes, , 
-79.393192,43.668845000000005,Toronto and East York,2009, ,2009-08-31T04:00:00.000Z,21,Major Arterial,Dry, , , ,Yes, ,Yes, , 
-79.44399,43.658045,Toronto and East York,2009,Other,2009-06-23T04:00:00.000Z,14,Major Arterial,Dry, , ,Yes,Yes, , , ,Yes
-79.35469,43.792645,North York,2009,Other,2009-12-08T05:00:00.000Z,14,Major Arterial,Dry, , , , , ,Yes, , 
-79.54239,43.752045,Etobicoke York,2009,Other,2009-02-02T05:00:00.000Z,16,Major Arterial,Dry, , ,Yes,Yes, , , ,Yes
-79.39129,43.643445,Toronto and East York,2009,Other,2009-03-25T04:00:00.000Z,21,Minor Arterial,Wet, , ,Yes,Yes, , , ,Yes
-79.58209000000001,43.743245,Etobicoke York,2009,Other,2009-12-08T05:00:00.000Z,5,Major Arterial,Dry, , , ,Yes, ,Yes, , 
-79.60669,43.733745,Etobicoke York,2009,Motorcycle,2009-06-05T04:00:00.000Z,15,Major Arterial,Dry, , ,Yes, , ,Yes,Yes, 
-79.50789,43.759245,Etobicoke York,2009,Other,2009-10-17T04:00:00.000Z,23,Major Arterial,Dry, ,Yes,Yes, , ,Yes, , 
-79.24249,43.793045,Scarborough,2009,Other,2009-06-30T04:00:00.000Z,19,Major Arterial,Dry, , ,Yes,Yes, , , , 
-79.32799,43.718745,North York,2009,Other,2009-07-06T04:00:00.000Z,20,Expressway,Dry, , ,Yes, , ,Yes, , 
-79.24619,43.737045,Scarborough,2009,Other,2009-01-01T05:00:00.000Z,2,Major Arterial,Wet, , , ,Yes, ,Yes, , 
-79.32799,43.718745,North York,2009,"Automobile, Station Wagon",2009-07-06T04:00:00.000Z,20,Expressway,Dry, , ,Yes, , ,Yes, , 
-79.30559000000001,43.731845,Scarborough,2009,Other,2009-09-11T04:00:00.000Z,20,Major Arterial,Dry, , , ,Yes, ,Yes, , 
-79.21059,43.737845,Scarborough,2009,Other,2009-03-08T05:00:00.000Z,3,Collector,Wet, ,Yes,Yes, , ,Yes, , 
-79.50789,43.759245,Etobicoke York,2009,Other,2009-10-17T04:00:00.000Z,23,Major Arterial,Dry, ,Yes,Yes, , ,Yes, , 
-79.40999000000001,43.665345,Toronto and East York,2009,Other,2009-04-04T04:00:00.000Z,2,Major Arterial,Wet, ,Yes, ,Yes, ,Yes, , 
-79.56499000000001,43.684345,Etobicoke York,2008,Other,2008-01-05T05:00:00.000Z,19,Local,Wet, , , ,Yes, ,Yes, , 
-79.19869,43.802245,Scarborough,2008,"Automobile, Station Wagon",2008-12-13T05:00:00.000Z,21,Major Arterial,Wet, , , , , ,Yes, , 
-79.33645200000001,43.816846999999996,Scarborough,2008,Other,2008-11-11T05:00:00.000Z,7,Major Arterial,Dry, , ,Yes,Yes, , , , 
-79.32359,43.683345,Toronto and East York,2008,Other,2008-07-14T04:00:00.000Z,13,Major Arterial,Dry, , ,Yes,Yes, ,Yes, , 
-79.53399,43.594345000000004,Etobicoke York,2008,Other,2008-06-11T04:00:00.000Z,20,Major Arterial,Dry, , ,Yes,Yes, ,Yes, , 
-79.39019,43.671345,Toronto and East York,2008,Other,2008-05-30T04:00:00.000Z,7,Major Arterial,Dry, , , ,Yes, ,Yes, , 
-79.30789,43.673945,Toronto and East York,2008,Truck - Open,2008-09-17T04:00:00.000Z,18,Major Arterial,Dry, , , , , ,Yes, ,Yes
-79.24369,43.737645,Scarborough,2008,Other,2008-01-05T05:00:00.000Z,18,Major Arterial,Wet, , , ,Yes, ,Yes, , 
-79.24709,43.719645,Scarborough,2008,Other,2008-05-01T04:00:00.000Z,7,Minor Arterial,Dry, , , ,Yes, , , ,Yes
-79.58019,43.683645,Etobicoke York,2008,"Automobile, Station Wagon",2008-09-23T04:00:00.000Z,16,Major Arterial,Wet, , , , , ,Yes, ,Yes
-79.41219,43.677645,Toronto and East York,2008,Other,2008-07-13T04:00:00.000Z,20,Local,Dry, , , ,Yes, ,Yes, , 
-79.31939,43.725945,North York,2008,Other,2008-05-13T04:00:00.000Z,20,Major Arterial,Dry, , ,Yes, , ,Yes, , 
-79.42059,43.737545000000004,North York,2008,Other,2008-01-07T05:00:00.000Z,17,Major Arterial,Wet, , , ,Yes, ,Yes, , 
-79.31939,43.725945,North York,2008,Other,2008-05-13T04:00:00.000Z,20,Major Arterial,Dry, , ,Yes, , ,Yes, , 
-79.31499000000001,43.794845,Scarborough,2008,Other,2008-11-26T05:00:00.000Z,17,Major Arterial,Wet, , , ,Yes, ,Yes, , 
-79.60349000000001,43.719145000000005,Etobicoke York,2008,Other,2008-04-28T04:00:00.000Z,17,Major Arterial,Dry, , , ,Yes, ,Yes, , 
-79.44269,43.735545,North York,2008,Other,2008-02-08T05:00:00.000Z,17,Major Arterial,Wet, , , ,Yes, ,Yes, , 
-79.31619,43.797845,Scarborough,2008,Other,2008-08-17T04:00:00.000Z,21,Major Arterial,Dry, , , ,Yes, ,Yes, , 
-79.36889000000001,43.678245000000004,Toronto and East York,2008,Motorcycle,2008-10-18T04:00:00.000Z,13,Major Arterial,Dry, , , , , ,Yes,Yes, 
-79.46649000000001,43.682045,Toronto and East York,2008,"Automobile, Station Wagon",2008-01-25T05:00:00.000Z,18,Minor Arterial,Dry, , ,Yes, , ,Yes, , 
-79.41029,43.704245,Toronto and East York,2008,Bicycle,2008-05-22T04:00:00.000Z,13,Major Arterial,Dry, , , , ,Yes,Yes, , 
-79.31159,43.693645000000004,Toronto and East York,2008,Other,2008-10-17T04:00:00.000Z,17,Minor Arterial,Dry, , ,Yes,Yes, ,Yes, , 
-79.24579,43.819445,Scarborough,2008,Other,2008-09-08T04:00:00.000Z,21,Major Arterial,Wet, , , ,Yes, ,Yes, , 
-79.53559,43.726445,Etobicoke York,2008,"Automobile, Station Wagon",2008-02-29T05:00:00.000Z,15,Major Arterial,Slush, , ,Yes, , ,Yes, ,Yes
-79.466892,43.636344,Toronto and East York,2008,Motorcycle,2008-10-03T04:00:00.000Z,23,Expressway,Dry, , ,Yes, , ,Yes,Yes, 
-79.38669,43.699245,Toronto and East York,2008,Other,2008-08-09T04:00:00.000Z,10,Major Arterial,Dry, , ,Yes,Yes, ,Yes, ,Yes
-79.422687,43.654345,Toronto and East York,2008,Other,2008-04-13T04:00:00.000Z,2,Major Arterial,Wet, , , ,Yes, ,Yes, , 
-79.40189000000001,43.636045,Toronto and East York,2008,"Automobile, Station Wagon",2008-06-27T04:00:00.000Z,0,Major Arterial,Dry, ,Yes,Yes, , ,Yes, , 
-79.51949,43.694745000000005,Etobicoke York,2008,"Automobile, Station Wagon",2008-07-12T04:00:00.000Z,0,Major Arterial,Dry, , ,Yes, , ,Yes, , 
-79.41639,43.783245,North York,2008,Other,2008-10-02T04:00:00.000Z,10,Major Arterial,Dry, , , ,Yes, ,Yes, , 
-79.46599,43.734645,North York,2008,Other,2008-08-26T04:00:00.000Z,11,Collector,Dry, , , ,Yes, ,Yes, , 
-79.31689,43.821345,Scarborough,2008,"Automobile, Station Wagon",2008-02-28T05:00:00.000Z,10,Major Arterial,Dry,Yes, ,Yes, , ,Yes, , 
-79.36789300000001,43.677146,Toronto and East York,2008,Motorcycle,2008-05-24T04:00:00.000Z,0,Major Arterial,Dry, , ,Yes, , , ,Yes, 
-79.32309000000001,43.796545,Scarborough,2008,"Automobile, Station Wagon",2008-05-03T04:00:00.000Z,2,Collector,Wet, ,Yes, , , ,Yes, , 
-79.42009,43.797945,North York,2008,Other,2008-07-21T04:00:00.000Z,3,Major Arterial,Dry, , , ,Yes, ,Yes, , 
-79.33239,43.807745000000004,Scarborough,2008,Other,2008-06-14T04:00:00.000Z,0,Minor Arterial,Wet, , ,Yes,Yes, ,Yes, , 
-79.33239,43.807745000000004,Scarborough,2008,Other,2008-06-14T04:00:00.000Z,0,Minor Arterial,Wet, , ,Yes,Yes, ,Yes, , 
-79.50589000000001,43.696745,Etobicoke York,2008,Other,2008-10-25T04:00:00.000Z,23,Collector,Dry, , , ,Yes, ,Yes, , 
-79.52109,43.718145,Etobicoke York,2008,"Automobile, Station Wagon",2008-09-28T04:00:00.000Z,5,Expressway,Wet, , ,Yes, , ,Yes, , 
-79.49899,43.697345,Etobicoke York,2008,Bicycle,2008-09-10T04:00:00.000Z,8,Minor Arterial,Dry, , ,Yes, ,Yes,Yes, , 
-79.58279,43.690045,Etobicoke York,2008,Truck - Open,2008-10-21T04:00:00.000Z,5,Major Arterial,Dry, , ,Yes, , , , ,Yes
-79.58519,43.714745,Etobicoke York,2008,Other,2008-01-08T05:00:00.000Z,5,Major Arterial,Dry, , , , , ,Yes, , 
-79.44399,43.636445,Toronto and East York,2008,Other,2008-11-03T05:00:00.000Z,9,Major Arterial,Dry, , , , , ,Yes, , 
-79.51249,43.685545,Etobicoke York,2008,"Automobile, Station Wagon",2008-03-09T05:00:00.000Z,9,Major Arterial,Packed Snow, , ,Yes, , ,Yes, , 
-79.31829,43.726145,North York,2008,Other,2008-10-24T04:00:00.000Z,22,Major Arterial,Wet, , , ,Yes, ,Yes, , 
-79.37959000000001,43.672345,Toronto and East York,2008,Other,2008-03-15T04:00:00.000Z,14,Major Arterial,Dry, , , ,Yes, ,Yes, , 
-79.49949000000001,43.666945,Etobicoke York,2008,Other,2008-06-18T04:00:00.000Z,9,Minor Arterial,Dry, , ,Yes,Yes, ,Yes, , 
-79.51839,43.718745,Etobicoke York,2008,Other,2008-06-24T04:00:00.000Z,22,Major Arterial,Dry, , ,Yes,Yes, ,Yes, , 
-79.46399,43.788445,North York,2008,"Automobile, Station Wagon",2008-07-11T04:00:00.000Z,21,Major Arterial,Dry, , ,Yes, , ,Yes, ,Yes
-79.34909,43.782745,North York,2008,Other,2008-01-31T05:00:00.000Z,14,Major Arterial,Dry, , , , , ,Yes, , 
-79.15869,43.788645,Scarborough,2008,"Automobile, Station Wagon",2008-10-31T04:00:00.000Z,8,Expressway,Dry, , , , , ,Yes, , 
-79.44669,43.788245,North York,2008,Other,2008-02-24T05:00:00.000Z,21,Major Arterial,Dry, ,Yes, , , ,Yes, , 
-79.53559,43.726445,Etobicoke York,2008,Other,2008-02-29T05:00:00.000Z,15,Major Arterial,Slush, , ,Yes, , ,Yes, ,Yes
-79.24239,43.737945,Scarborough,2008,"Automobile, Station Wagon",2008-07-04T04:00:00.000Z,13,Major Arterial,Dry, , ,Yes, , ,Yes, , 
